x1,x2,shape
0.5954667013363644,0.6659396273914658,moons
0.7542076363598683,-0.45121785499469597,moons
1.6037140655980628,-0.33626548368508874,moons
0.8273394048585059,-0.43140911537937554,moons
1.3854124247678425,-0.34438832458013385,moons
2.0472731604766015,0.5939799628770979,moons
0.5492369154014004,-0.3928592379280109,moons
0.029719035712464092,0.07069272547426679,moons
0.9850715838499724,0.20119089185314507,moons
0.46571553179550024,-0.40450846721001854,moons
0.9424815641029823,0.4734667809116465,moons
1.373791613144111,-0.3066200319832493,moons
-0.24640239673508904,1.1620482061017379,moons
1.1228468042971609,-0.4217142177495933,moons
0.9164579310054909,-0.4884141726888836,moons
1.3374514347796347,-0.4793581729512655,moons
1.7863096898039474,0.04546554772618515,moons
1.0878660412694574,0.22930809567738175,moons
1.5809293145986187,-0.2874036280140293,moons
-0.6062172130633723,0.5587193831329966,moons
-0.9181926825229411,0.38907331241035764,moons
-0.9323992625386299,0.24162551131013113,moons
0.944308383159019,0.2971242684286188,moons
1.175572593331173,-0.46696160125118,moons
0.6300466081865063,-0.4787356940949288,moons
0.39070534898342485,0.8463191189518833,moons
-0.4228122286009628,0.9840894082790451,moons
0.5374903647235948,0.8649361943340141,moons
0.22832282633713186,-0.1328600046958623,moons
0.8577286941089315,0.2796615748526509,moons
1.7685968204219658,-0.0983721404684483,moons
1.7833385873149723,-0.07233162814035188,moons
-0.0024714436239500603,0.05570370731490293,moons
0.7307044999783469,0.6153617476354828,moons
0.9668395049269066,-0.47284468530103113,moons
-0.8174321392423589,0.5626477039983449,moons
1.418334039698355,-0.4671594380265367,moons
1.0983027238268064,0.1729463691541532,moons
-0.9643799992582371,0.38049402567934104,moons
-0.738840464679072,0.7654499095848675,moons
-0.7745796951539001,0.8091779825987641,moons
0.10545341395082042,0.0793398576743089,moons
0.8126887810649612,0.594083499074832,moons
0.21341563386867018,-0.14855365152405162,moons
1.0152701629315497,0.37202185726192566,moons
1.8424532201327672,-0.03159004428893013,moons
0.1534632573017925,0.2310133197945467,moons
-0.10501998899834261,0.9345412585760258,moons
-0.7015695247403163,0.6494906473859847,moons
0.34588699019047553,-0.2791322800395436,moons
-0.5904447461125185,0.8746356090518317,moons
1.2167762116740732,-0.4853159518060325,moons
0.11678543844591904,1.1329116947545772,moons
1.8902087906464164,0.3293049899945003,moons
0.8358877613012765,0.4023842627751423,moons
0.20735277588668571,0.945902201975892,moons
-0.9794793623688351,0.1462926107768524,moons
-0.23912001735958055,0.8443205107523465,moons
1.6754178507613635,-0.21263406224304676,moons
-0.34311471675853267,0.9800510882064554,moons
0.8448153005753917,-0.45323349594968465,moons
0.6528869973246438,0.808904834802066,moons
0.03824255114233192,1.0330428511457619,moons
0.07955765971127157,0.40495238614530804,moons
0.0035453344830684644,0.9974778713891593,moons
1.7675325503155697,-0.07833512165961187,moons
1.9955009447962706,0.2490350650038084,moons
-1.0081783102041926,0.27266560149106717,moons
-0.9097456640874938,0.3551435392997014,moons
-0.9085407350036231,0.402944697501177,moons
0.42853996463341715,-0.3219841205399175,moons
0.8821451239836163,-0.512052585364108,moons
-1.0858219237898554,0.12926712686355826,moons
0.14636254623393316,0.33457598872519473,moons
0.4349883358532226,-0.31285804009434864,moons
-1.0065744011677775,0.024947545451555277,moons
-0.40335819892671876,0.9404114083696469,moons
0.16970420815406537,0.10138648105951603,moons
-0.01108349806339786,1.0056425468541483,moons
0.9704890189833857,-0.008691105603567322,moons
2.042151235440851,0.3783391895753973,moons
-0.5912919325310143,0.9359399217911242,moons
-0.9163123019916621,0.10808049342384361,moons
0.6641808610872989,-0.5435125488898976,moons
-0.5228616938726649,1.0835129129694592,moons
1.8709233216039114,0.19833658583276742,moons
0.48197268482011435,-0.3791126476484205,moons
0.752029798167249,0.790666560659312,moons
0.9681829078426754,-0.5147253508351499,moons
0.5655112152287772,-0.4473817751237327,moons
0.8728322155604114,-0.4752940138548931,moons
0.22051824494469852,0.0944273158702307,moons
0.999530602887904,0.12531464301706502,moons
0.1851343890348177,1.0553059010604295,moons
-0.04045964762273771,0.236496980432839,moons
0.11644227774688241,-0.1587592676439104,moons
0.14559776801243005,0.14776515683913305,moons
-0.0316080271555776,1.0240496223472393,moons
0.054163538891023405,0.2560383074116485,moons
-0.42185889377834324,0.8230972790752187,moons
1.466318688241755,-0.29868121402335585,moons
1.3996952391814552,-0.28715517803315765,moons
0.7027593635378331,0.5645497081547601,moons
0.9227546341663001,0.15572674206293102,moons
0.7718630970947181,0.7776191335280448,moons
0.8094581075771937,0.6701101365986684,moons
0.5726856714957196,0.9459665239817143,moons
-1.0594170321589378,0.023194325325864004,moons
-0.9445212281038544,0.480105836715598,moons
-1.132535142318466,0.35133029325665505,moons
0.7295641700186923,0.5492594766320799,moons
-0.020487813462863557,0.4642160786612869,moons
-0.6750256818170046,0.7723340455425988,moons
0.575970269951477,-0.46345151310028965,moons
-1.0363079318461546,0.3953508444284965,moons
0.3547926628066588,0.9553638700525302,moons
-0.9746171188331035,0.3704405573192784,moons
0.24800438698031355,-0.2757740269628794,moons
-0.7796784702988201,0.8536418181679386,moons
1.8734484918575438,0.07618159258638778,moons
1.24450792164298,-0.4478946801258904,moons
-0.3209993661189513,0.9265438990481956,moons
0.47240019772797803,0.7400013108169909,moons
0.999160386021746,-0.4590203059479716,moons
1.78696811255408,-0.07371985592032218,moons
-0.27110334522683743,0.9531086762517426,moons
0.09617749689103593,-0.045480044299457026,moons
0.9100756755889796,0.5502466462927633,moons
2.013825497376817,0.40728802665203284,moons
0.6643843077395589,-0.4346178961037349,moons
1.0888455058492894,-0.022150377825921455,moons
1.9385447271286043,0.3515015475966173,moons
-0.7260496140640915,0.7867504402521669,moons
2.009293476301143,0.4463175317517765,moons
0.8577915046344121,-0.430033759632794,moons
-0.7332190617991812,0.7570890538732353,moons
0.6022774005846988,0.7102597661313651,moons
0.027705318096632674,0.9693611857257138,moons
1.8292009984959374,-0.10082406738346028,moons
-0.15925025114506997,0.06623108857693137,moons
0.9413391379525688,0.319174947872364,moons
1.9691960970408378,0.6091226016337361,moons
1.3935534827530498,-0.47716827521258975,moons
0.8484424863770061,0.6707125676776973,moons
0.28199678519301413,-0.16216822556757216,moons
1.005248293373589,0.10528885359836236,moons
-0.9506456037823893,0.3439206712195485,moons
0.7139579092111614,0.6680789494845326,moons
-0.005057040999979655,0.13743786341477435,moons
0.9276623954790146,-0.47311253263892183,moons
0.14744500923104575,0.31893107229947715,moons
0.058453445692568905,1.0799994470838286,moons
0.0699277175887848,0.40817317321865404,moons
-1.1064559717295117,0.09136524711157215,moons
1.8905274246385249,-0.07716510713636934,moons
1.1287699479258397,-0.6445916277760908,moons
0.01571007042505572,0.9243463733555244,moons
2.0715725293279204,0.18855173093660427,moons
0.04549768160818901,0.9509694699310441,moons
0.5517843374942125,0.8599764583555163,moons
0.4493669579996491,-0.3433035565239559,moons
0.07908282409018677,-0.03682848398439088,moons
0.5346137615357327,0.8874650242131997,moons
-1.0143191293030422,0.127848341459462,moons
0.2573303122643346,0.14232366713314604,moons
0.8978959555841414,0.5424131332954782,moons
1.0533750759338385,-0.535812351243945,moons
0.9297816587178142,-0.5248254164731252,moons
-0.24464014953256913,0.901308176191483,moons
0.520489346025011,0.8222705001800911,moons
1.6371703892990683,-0.27959533382522694,moons
0.49548250032666047,0.8938736034470147,moons
-0.576815442455404,0.6954261775992274,moons
1.2371025443523287,-0.48465248382542947,moons
0.2749517801757228,-0.23036787790042573,moons
0.5174534951334501,0.9141299727444303,moons
0.0011133563521834831,0.016552445083239255,moons
0.6707036274422851,-0.49206104346544427,moons
1.0097014298687847,0.02123314407714004,moons
-0.9315642344350081,0.5622650468971173,moons
0.2427574151270661,0.8126491546359478,moons
0.09863539488689416,0.32918264495904315,moons
2.082927424025189,-0.00436230998130604,moons
1.7745346564983338,-0.028145603043477636,moons
2.028468831478266,0.3155840960256867,moons
0.26174782805078306,0.8226678505799406,moons
0.32338810084936237,-0.18639835247399084,moons
-0.3589628648501014,0.81120677624751,moons
0.7388647287560413,0.7390635136830503,moons
1.4696528852796118,-0.555793030988799,moons
1.0300018358355143,0.16149492207381122,moons
0.6114758583316993,-0.34602479725487817,moons
1.6551359062009492,-0.2449279066299577,moons
-1.0197701108713848,0.6290590175326773,moons
-0.6150481923775667,0.8381737487541602,moons
-0.4064696121439005,0.8675155741094127,moons
1.9969457988603447,0.022366219185574767,moons
1.8480625733758975,0.09475485235879595,moons
-0.5068690951878002,0.8294721927222376,moons
1.0367738127523587,0.06702793633279647,moons
0.8923995286232718,0.1685636157072388,moons
0.2829210558939045,1.126456898147161,moons
1.769495955345238,-0.2748564608242064,moons
0.16002461293828826,0.4363161959544011,moons
0.8802004049724677,0.41694035575947164,moons
0.36880036279954104,-0.23899686205898632,moons
-0.16403990745697417,0.9706222365646203,moons
1.8624080605868603,-0.1261744001787683,moons
0.05494598737931668,0.47283540098397103,moons
2.040541237169864,0.33958223460011716,moons
1.8846564114638238,0.1522503761954904,moons
0.07276658503278705,0.9005828361466287,moons
0.24852908602440124,1.025444013654292,moons
-0.7649259059414665,0.555978487162687,moons
0.4629378320997425,0.9193968535549091,moons
1.55559980877285,-0.25666209905641,moons
0.3514071512535667,-0.2784238186844495,moons
1.5549028529556432,-0.17703886419867845,moons
0.9124200790962296,-0.6610400048426298,moons
0.7428789860198419,0.43650294387708133,moons
1.3820330129635405,-0.4966135831357255,moons
1.7444953252153237,-0.07465759662619072,moons
1.5571183650564815,-0.2847760138741415,moons
0.43354798162436864,-0.19294499563631307,moons
0.22183236663662972,1.051788859639153,moons
1.4874196177517565,-0.3740639494596793,moons
0.38034890408496835,1.0635499272039621,moons
-0.5599195214709699,0.8685253534549995,moons
0.7380343551755574,0.5312031522748726,moons
0.359666943185467,0.9023479169178653,moons
1.411526734922188,-0.4546029950007805,moons
0.052551519283181775,-0.18571500359370877,moons
2.089909431227891,0.5587702634434402,moons
0.867738387923858,-0.3727933331735054,moons
0.8400601522757731,-0.5539275792732883,moons
-1.1281552443524787,-0.03523797372178182,moons
0.6736610060302856,0.7927721005584487,moons
0.2680111826417035,-0.15281130270504578,moons
1.7660657899119485,-0.044525320302932325,moons
1.8965351408535491,0.3257990337864563,moons
0.9656374006073221,0.0022167489300152898,moons
0.33067990617027665,0.9411089239506893,moons
0.02967855903969297,-0.006640080901061569,moons
0.05240815692065032,0.42843986692226455,moons
0.22320670428611555,-0.05765166834763056,moons
-0.7530536034123173,0.5592981466755809,moons
-0.7852891484428103,0.7037654243250978,moons
-0.8474942047845009,0.3033142918216727,moons
-0.5220915963718727,0.8893375574932564,moons
1.2450952065147565,-0.4943476475839178,moons
-0.25717010336897317,0.9799596108383138,moons
1.4509545227402065,-0.3688939188984169,moons
1.2990037469401476,-0.45104167782421983,moons
-1.028512424596779,0.27504673315415373,moons
1.9809779781709072,0.4651217363724106,moons
0.9401598081012789,0.471566296573101,moons
1.0017715237048508,-0.5936070706972228,moons
-0.14999523673850737,1.054837224534647,moons
-0.8953972002629499,0.4508740812277193,moons
-0.8445313573415184,0.49850730870985055,moons
0.030686767927974506,0.9918575936108056,circles
-0.29476850278594924,0.29876976017252505,circles
-0.14073891878216166,-0.4971814193537196,circles
-0.34619345593242373,0.2162091931341817,circles
-0.3297241553783013,-0.24166258053467593,circles
0.5100299425884045,0.054852899542326194,circles
-0.1818421182359529,0.4120834823761953,circles
0.3412492674145005,0.14430509042158135,circles
0.9245892152136286,0.4165679166858033,circles
-0.34180535930373146,0.3422054442433532,circles
0.46810392050458577,0.8767687168482547,circles
-0.344443858842669,-0.29526098288089603,circles
-0.8015041276349711,-0.40425252622563107,circles
-0.4625835118187556,-0.1457724253004943,circles
-0.4079362751924696,0.09710902086014497,circles
-0.3627544577327262,-0.22966843116806618,circles
0.22814579259476064,-0.3711154453141294,circles
1.0198141457731018,0.34964126920208544,circles
-0.16949711576233512,-0.41199811488999005,circles
0.46464940712785435,-0.9546249457253473,circles
0.7139316246197267,-0.688696014080005,circles
0.9060529340301747,-0.5334670988506456,circles
0.616985335916252,0.7012416635410749,circles
-0.4389145819438898,-0.12975730787527825,circles
-0.3186498897017499,0.29751637378410273,circles
-0.6251229038242285,0.7613458412481872,circles
-0.9724354241972003,-0.48518296516779386,circles
-0.5084706771300013,0.8009558690355628,circles
0.22295130538864044,0.3578075458778318,circles
0.7038520090223753,0.6192147746225877,circles
0.1453245874271587,-0.46459079409268716,circles
0.03297285445165239,-0.35441308108746983,circles
0.32064146323097487,0.20146388224274767,circles
0.006193668444934233,0.9194939110208317,circles
-0.5126586365868183,-0.017188977812271907,circles
0.17019494060975135,-1.0349068073643821,circles
-0.30565133856169585,-0.3422148009998035,circles
0.9900061690647378,0.4096371120906518,circles
0.6342430550179748,-0.7495033889037666,circles
-0.09244868751012016,-0.9514620676091925,circles
-0.3721459503241329,-0.968162753564134,circles
0.23828877614824398,0.4027388564380037,circles
0.33112021431365163,0.9590488168845059,circles
0.09229949365260169,0.4461405839305039,circles
0.7560626536559504,0.717299319838653,circles
0.19512060201111103,-0.4423325750848943,circles
0.4882418762800708,0.1663284446860314,circles
-1.0440149363442164,-0.13949297164001714,circles
-0.03689366038026848,-1.045316815651496,circles
-0.10389695744760372,0.46902963682820803,circles
-0.346861315122671,-0.9078449753129413,circles
-0.41185605732074737,-0.24193272248219516,circles
-0.9465682690130707,0.33193373692572076,circles
0.3150391360674719,-0.16836056097272473,circles
0.6617603810805864,0.7068286713797151,circles
-0.8841963361913251,0.4326385002039798,circles
1.013633133567822,-0.22407364342582436,circles
-0.929844640878407,-0.49142132362141544,circles
-0.03274752410832391,-0.4175913711302233,circles
-0.7734317951151237,-0.5760042762765776,circles
-0.3043755531539092,0.28285707640826874,circles
-0.221092972131671,0.9833787631322781,circles
-0.954847117769913,-0.025268043455904637,circles
0.4054741093297468,0.304529182952777,circles
-1.0065823604714028,-0.09649629990945091,circles
0.06910282580149789,-0.39769820327808586,circles
0.3821801083452032,-0.23135659463989686,circles
0.7179649075454451,-0.7202939825899377,circles
0.5078582748176567,-0.9325312729598308,circles
0.5907183248024295,-0.8175420888062542,circles
0.004734142211988265,0.3854253960008718,circles
-0.33814141843375123,0.16319878172518787,circles
0.8254717429683452,-0.503161157084128,circles
0.5311414339147971,0.13870621683813697,circles
-0.08483433563286033,0.4303036269146966,circles
0.9856980037387901,-0.23931609565999018,circles
-0.6999208326510635,-0.7084513769473048,circles
0.4694295389949841,0.14136620860171858,circles
-0.9005889078435864,-0.15874631678893375,circles
0.9619963523502617,0.06899881192164432,circles
0.46058141737892844,-0.1332673117859541,circles
-0.7064051842620176,-0.7722444783643982,circles
1.0290969836540196,-0.10619815014846021,circles
-0.39701532328411865,0.18223382297011484,circles
-0.5636868238398987,-0.6948374049534689,circles
0.30318872180837275,-0.2715992842393046,circles
-0.17842214291942107,0.4038894395261037,circles
0.16363406760907345,1.0941936526102582,circles
-0.4928059273125287,-0.0039947100102542925,circles
-0.258410595863628,0.3248249493373647,circles
-0.5373633196388019,0.025064917173582196,circles
0.38192944697047865,0.36275754595101695,circles
1.0122221832298726,0.22730263890752164,circles
-0.9212964322913983,0.46349043844513493,circles
0.3945647717647518,0.07735414150152746,circles
0.006816532640237773,0.4421311886608307,circles
0.3727583202931957,0.32104056139345194,circles
-1.0326810601922187,0.015096836366581785,circles
0.36878502408245195,0.3066987978152028,circles
-0.4950321849126192,-0.8735185304388385,circles
-0.19576661195611372,-0.48180333425211,circles
-0.3001193951839475,-0.3370956049692203,circles
0.045183589253164735,0.9193814971375442,circles
0.8055050852495269,0.46113405571253674,circles
-0.04122917766181597,1.020475395796681,circles
0.24437586220353144,0.9964739446619632,circles
-0.394420601106951,0.9590649778454876,circles
0.9271030854590105,-0.37679255403140227,circles
0.44911326460477574,-0.8854384401347807,circles
0.6833719882063564,-0.5288350713476332,circles
0.36847868310894805,0.9048956791309137,circles
0.4456700864671588,0.06533585962774031,circles
-0.23797179481915823,-0.9893069874620138,circles
-0.31472603991371245,0.30664411468940966,circles
0.7771684894897157,-0.4811741659740277,circles
-0.7585541926968393,0.6448174509895108,circles
0.5952085690583994,-0.7661518323367654,circles
-0.10347032240564143,0.4117502327905727,circles
-0.20576516785147786,-0.9240205292023627,circles
0.3022711540238036,-0.33339042869040286,circles
-0.4143188874848144,-0.32800476245854937,circles
-0.8893740170685248,-0.5037537527627536,circles
-0.4503864642452387,0.8298916547534262,circles
-0.5037879050503817,-0.043585609679918945,circles
0.06063293235715284,-0.4109737504847882,circles
-0.7666055290398911,-0.5877313027392301,circles
0.09890923339267332,0.43753182962133935,circles
0.40253424865274795,0.9271701825290294,circles
0.44774581787945605,-0.11103502489101573,circles
-0.2111942289906348,0.3077784148283741,circles
1.060679581308301,-0.005836431117435729,circles
0.3864038599780208,-0.1653638629981489,circles
0.12027880567808,-0.897832824715803,circles
0.4723912948219678,-0.0916025246951705,circles
-0.31101616898657963,0.25353481464079225,circles
-0.016422468619918168,-0.9289344187605556,circles
-0.20001831692343405,0.9584576398724867,circles
-1.0355178782721906,0.1255626616078066,circles
0.15886497344908626,-0.4469415690577882,circles
0.15460842432847235,0.33872186322370185,circles
0.8599623316225199,0.5403197912161165,circles
0.4239473782208598,0.07239424746141254,circles
-0.28511771772768146,-0.288251658412428,circles
0.33553851097582515,0.9911418388144974,circles
0.024084248679497006,0.47154721769513275,circles
0.9918108494873136,0.2010193345947133,circles
0.9729196211169309,-0.271650840203391,circles
0.03889473276708137,0.9764696179619851,circles
0.1266701900203988,0.4889640778374941,circles
-0.47590233441500673,0.0985880040867002,circles
0.5023658875784095,0.16518165269408314,circles
-1.0115068325546361,0.2188726869986917,circles
0.4588024455827812,0.11140513280949686,circles
0.9145697198774283,-0.022187385852689184,circles
0.2508019651961413,-0.45282575843197187,circles
-0.4048459539341465,-0.18003743540630165,circles
-0.8415820442485821,-0.32767904760728994,circles
0.4892782648432491,-0.2611429063969135,circles
-0.941283224315501,-0.006680945674259016,circles
-0.49894589027902836,0.8377886195068608,circles
-0.13948768981584142,0.42935449609076437,circles
0.08367354827957985,0.45213324557879186,circles
-0.38265525787557564,0.993554520169989,circles
0.9284428788618991,-0.3398258337907068,circles
0.29602813800240885,0.537591295791307,circles
0.49550083831120256,0.880051175871828,circles
-0.4923097698937872,-0.08614358671417485,circles
-0.48825690495274426,0.0281940770082065,circles
-0.6254394031069876,-0.7086213270572003,circles
-0.38279095213563136,0.9377711704108024,circles
-0.0946396011104602,-0.4440481173724873,circles
-0.6048536721038336,0.7792201742730342,circles
-0.11894901722491791,-1.0152050701755522,circles
-0.34425294776044396,-0.08638001980977943,circles
0.06908366618441883,0.41469259379845036,circles
-0.4844384918410564,0.9001788869862319,circles
0.28669785584640617,0.20792546558446212,circles
-0.30270526182301843,0.27320854709758413,circles
1.0035254581641508,0.0934341764111364,circles
0.2743853925556906,-0.9225664451066228,circles
-0.8431698442500798,0.424810283907157,circles
0.5090092427097089,0.009587058441511162,circles
0.38508258541465273,-0.38393557035164466,circles
0.05540845422295197,-0.3846515640401186,circles
0.42003777126790925,-0.18870868931782056,circles
-0.7940717727701209,0.6465228231741235,circles
0.009368662080018932,0.4820896197607517,circles
-0.7575543008406749,-0.7427456458760807,circles
-0.03675682469479769,0.9736690971634936,circles
-0.25012542937877325,-0.49908893127566556,circles
0.9882015327421719,0.3390636757026953,circles
-0.09650643777824908,0.42381389493499233,circles
-0.11721173072222514,-0.38988967988381334,circles
0.46165869716706043,-0.7007123790857277,circles
-0.3243637008550099,-0.9224809627117709,circles
-0.6056189085079242,-0.798443139514015,circles
0.33609412096709446,-0.3889621571435745,circles
0.24311641175183582,-0.3632411937046257,circles
-0.36959579566522394,-0.9279442103155,circles
0.9713950746486766,0.30788309360661775,circles
0.7900944037592621,0.48689693857416655,circles
-0.8327001546815709,0.38086880810413903,circles
0.0008668895163604674,-0.4878613730670805,circles
0.5469052829844745,-0.017539739392505076,circles
0.6765968492306126,0.7390167591237243,circles
-0.05547630465967695,0.46159738611061873,circles
-0.9092433600572207,-0.32709010753137013,circles
0.13074755113178044,-0.4588215790036491,circles
0.4556112670791791,0.10160647670524059,circles
0.45094383195162363,-0.15360893639827353,circles
0.2747294325013456,-0.3331145044548324,circles
-0.9576214946578382,0.021185212679377202,circles
-0.8674031349934171,0.5282922326689742,circles
0.516801364891684,-0.8533438651021523,circles
-0.6315994580619048,0.6521923486253468,circles
-0.20454837975632065,-0.3486926312690553,circles
-0.3747690858605756,0.44433264726138016,circles
-0.1774181465381936,-0.3761135031952846,circles
-0.37854040122212357,0.01640972746824481,circles
0.6668426724535832,0.679190213380968,circles
-0.318307058643283,-0.26914010799316773,circles
0.07570136741550934,-0.41533950798033,circles
-0.20144811804902493,-0.3432730583672366,circles
-0.11591960685940388,0.486046165790292,circles
-0.9058991125469152,0.35261604937726,circles
-0.21862335384338616,-0.42217011585580494,circles
-0.6896424127934043,0.8336403792524767,circles
-0.4625596551830617,-0.870652739318737,circles
0.41111376978379865,0.9198022787278588,circles
-0.8200885995848068,0.3195729763241041,circles
-0.2703720917758107,-0.16311193724556305,circles
-0.09503948904471116,0.43097683547166243,circles
0.48058210077039987,-0.0057861375282244245,circles
-0.39708868554757143,0.2434968789151316,circles
-0.4932513490477654,0.0800923956559897,circles
0.9019232564828633,-0.08037034271821931,circles
-0.18637335154332924,0.9766354230776936,circles
0.15303109206288876,0.3972570958374047,circles
0.10993927745778315,-0.3835350463529408,circles
0.35127092291007306,-0.19363329783568564,circles
0.9630608204277118,0.013921753498464848,circles
-0.7784741998461625,0.5486554868273155,circles
0.19538449227631968,0.29549361120459533,circles
0.48508365943800774,-0.053138852430229755,circles
0.3238628375144744,0.3540982248289673,circles
0.29252349461069344,-0.9868606747972655,circles
0.012938723752763604,-1.0072038522411766,circles
0.8375031783462552,-0.6506217260871053,circles
-0.4900409617164655,-0.8321616403819037,circles
-0.379486518743267,-0.14002962144652423,circles
-0.919063453215309,-0.4149283089942651,circles
-0.28807288645347007,-0.340618103216231,circles
-0.4036978830193823,-0.2869032643044945,circles
0.9023772711249726,-0.37392045078740194,circles
0.4212540498104718,-0.0629622769343893,circles
0.6025755689489012,0.8328177294064274,circles
-0.30144950399018144,0.07047209834116684,circles
-0.9403429006122279,-0.2142029817904538,circles
0.37384607445152135,-0.9636954358615806,circles
0.18297581626686643,-1.0678886414904933,circles
