area_m2,occupants,building_age_years,avg_outdoor_temp_c,insulation_score,heating_electric,heating_gas,heating_heatpump,has_solar,remote_work_days_per_week,appliance_index,estimated_consumption_kwh,bill_eur,monthly_consumption_kwh
102.6,3,41,4.3,4.2,0,1,0,1,4,38.0,641,260.15,1026
69.0,2,0,18.0,6.6,0,0,1,1,2,75.0,-49,67.76,278
113.8,1,45,20.7,4.6,1,0,0,0,0,72.0,164,164.57,527
118.5,3,30,13.7,5.1,0,1,0,0,0,53.0,487,184.64,713
46.2,3,25,2.2,6.1,1,0,0,0,4,34.0,723,258.23,939
62.4,1,53,18.2,8.9,1,0,0,0,4,35.0,-85,26.88,102
98.2,1,37,4.0,9.8,0,1,0,0,4,58.0,375,195.78,684
87.1,1,51,15.9,7.1,1,0,0,0,0,63.0,54,118.76,377
94.6,4,49,8.7,5.4,0,0,1,1,1,24.0,537,219.94,889
73.7,5,2,7.0,,1,0,0,0,2,50.0,463,162.21,706
117.0,1,15,11.3,5.3,0,0,1,0,1,79.0,334,205.56,815
114.4,2,39,12.9,5.1,0,1,0,0,2,52.0,376,151.12,710
96.7,2,68,10.1,2.7,0,1,0,0,3,77.0,633,232.18,1036
123.2,2,10,17.5,9.0,0,0,1,1,1,65.0,52,48.83,199
106.7,2,7,11.3,8.1,1,0,0,0,0,39.0,273,89.75,433
73.5,1,65,19.9,10.0,1,0,0,0,2,51.0,-245,21.08,82
104.2,3,67,15.7,3.4,1,0,0,0,4,53.0,443,171.82,804
71.0,2,11,9.8,9.1,1,0,0,0,3,41.0,101,92.62,416
117.0,2,28,8.8,6.3,0,0,1,0,1,40.0,468,188.25,791
93.8,2,43,4.1,7.8,0,1,0,0,1,78.0,491,227.38,949
90.4,5,13,15.7,2.9,1,0,0,0,3,40.0,584,216.89,976
78.0,4,22,11.9,9.1,1,0,0,0,1,71.0,293,131.66,548
125.6,3,27,-0.2,7.8,0,1,0,0,5,48.0,763,283.4,1222
91.1,2,44,10.8,6.1,0,1,0,0,5,55.0,378,178.23,816
84.3,5,21,8.6,7.5,1,0,0,0,0,63.0,476,195.2,844
86.2,5,28,23.5,4.7,0,1,0,0,5,46.0,409,181.28,656
108.3,1,20,3.8,5.0,0,1,0,0,0,64.0,622,144.9,902
104.1,5,53,5.4,5.3,0,1,0,0,2,24.0,899,272.92,1188
105.3,4,10,20.7,2.5,1,0,0,0,4,62.0,497,229.64,974
105.8,1,16,22.1,7.9,0,1,0,0,1,18.0,40,22.89,70
148.5,4,17,9.5,8.6,1,0,0,0,1,52.0,572,197.31,930
84.8,1,63,10.2,4.8,1,0,0,1,0,68.0,278,124.05,553
82.2,1,66,17.7,6.9,0,1,0,0,4,64.0,93,100.67,373
74.7,1,35,0.0,5.7,0,1,0,0,0,36.0,678,237.31,828
110.4,3,10,2.8,6.9,1,0,0,0,2,37.0,750,274.52,1079
123.2,4,52,12.3,4.9,0,0,1,0,2,45.0,615,207.95,1064
92.2,3,34,23.3,4.4,1,0,0,0,5,58.0,454,163.19,737
74.0,1,59,11.4,8.3,0,1,0,0,5,25.0,83,108.09,338
74.4,1,25,14.6,6.1,0,0,1,0,4,55.0,273,106.24,519
111.3,5,69,20.8,10.0,0,1,0,0,4,60.0,229,154.34,591
113.6,5,56,26.6,6.3,0,0,1,0,3,51.0,471,161.33,665
108.6,4,15,10.5,4.3,0,1,0,0,2,63.0,626,207.31,889
78.4,1,50,13.9,8.7,0,1,0,0,0,58.0,82,93.24,297
100.8,5,20,24.9,7.5,0,1,0,1,5,47.0,305,120.95,523
97.9,4,24,4.9,7.7,0,1,0,0,2,26.0,540,195.9,784
100.5,3,17,20.2,8.6,1,0,0,1,2,57.0,8,64.52,245
116.8,1,47,7.9,4.9,0,1,0,0,0,41.0,369,201.3,767
100.6,5,18,14.6,5.9,1,0,0,0,1,46.0,478,212.15,767
112.0,3,44,12.5,5.9,0,0,1,0,3,62.0,386,175.84,790
96.7,1,40,8.3,3.6,1,0,0,0,2,76.0,503,250.5,1077
102.2,2,52,8.1,5.7,1,0,0,0,3,,663,208.68,961
110.8,3,69,15.7,8.9,0,0,1,0,1,63.0,274,102.77,506
58.6,1,0,20.0,6.7,1,0,0,0,0,33.0,-108,36.29,60
87.0,2,69,13.2,3.5,1,0,0,0,5,59.0,459,206.11,914
83.2,3,7,14.4,3.1,0,1,0,1,2,54.0,442,108.75,621
79.0,5,36,17.4,9.5,1,0,0,0,2,73.0,143,163.69,523
88.1,1,23,8.2,6.0,1,0,0,0,1,47.0,381,135.16,601
132.4,3,44,18.4,4.9,0,1,0,0,3,51.0,382,152.56,691
73.4,5,50,18.9,5.7,1,0,0,0,3,71.0,263,197.85,696
119.2,5,60,28.0,3.2,1,0,0,1,2,54.0,431,201.06,800
52.9,5,28,11.7,9.0,1,0,0,0,5,38.0,320,177.44,732
86.6,1,65,11.3,5.4,1,0,0,0,5,93.0,313,166.21,868
99.1,5,22,18.6,8.9,1,0,0,0,1,39.0,176,92.27,428
109.7,5,14,18.9,6.3,1,0,0,0,3,54.0,335,142.08,598
112.8,2,26,10.8,9.1,0,1,0,0,5,60.0,236,141.83,568
114.8,3,36,11.6,6.7,0,1,0,1,2,59.0,396,165.95,682
86.3,3,46,17.2,7.9,1,0,0,0,0,52.0,128,101.05,376
83.4,3,58,9.0,7.6,1,0,0,0,0,52.0,486,139.71,622
116.4,2,15,11.5,,0,0,1,0,4,51.0,279,128.59,705
90.2,5,21,14.5,6.9,0,1,0,0,5,38.0,427,196.79,754
63.1,5,65,20.0,5.7,1,0,0,1,0,87.0,221,189.02,700
66.7,2,30,10.4,10.0,0,1,0,0,3,52.0,147,120.84,361
72.0,5,16,2.9,4.4,1,0,0,0,2,64.0,818,282.19,1203
107.4,2,68,2.5,6.2,0,0,1,0,1,50.0,754,247.14,1105
98.6,4,31,6.4,6.2,0,0,1,0,3,50.0,543,244.95,1067
112.3,3,68,6.1,7.0,0,0,1,0,5,48.0,670,271.94,1171
84.3,3,64,13.1,5.3,1,0,0,0,1,32.0,399,150.06,552
99.0,1,63,6.9,6.8,1,0,0,1,0,53.0,340,148.28,621
110.6,4,40,9.8,5.9,1,0,0,0,2,49.0,663,217.47,1040
87.3,2,55,9.4,3.0,1,0,0,0,1,73.0,619,192.25,1019
106.4,2,67,11.4,6.2,1,0,0,0,4,37.0,326,203.59,782
78.5,1,18,21.9,4.0,0,1,0,0,3,46.0,203,93.39,354
85.9,5,2,18.0,2.7,1,0,0,0,0,42.0,645,171.77,676
85.5,1,22,14.1,6.5,0,0,1,0,2,77.0,107,158.54,589
65.1,4,44,11.2,7.2,1,0,0,0,4,42.0,505,217.01,752
107.2,5,38,11.4,7.3,1,0,0,1,2,63.0,464,210.62,836
83.3,1,5,16.0,7.3,0,0,1,0,3,70.0,29,88.6,324
95.3,3,39,17.5,2.3,0,1,0,0,1,53.0,396,195.31,760
107.0,3,12,8.6,3.5,1,0,0,0,1,34.0,660,250.84,901
106.2,2,35,14.2,10.0,0,1,0,0,0,35.0,-41,81.25,256
111.6,4,40,1.8,4.1,1,0,0,0,0,68.0,899,422.52,1601
92.5,3,44,15.3,7.4,1,0,0,1,0,36.0,133,93.36,359
84.4,3,28,18.6,4.8,0,1,0,0,3,61.0,210,123.09,578
93.0,3,28,12.3,6.4,1,0,0,0,0,57.0,420,129.13,552
52.8,5,47,24.9,4.9,0,1,0,1,3,61.0,253,149.64,554
58.8,4,52,8.7,7.3,1,0,0,0,5,62.0,397,269.11,1008
61.9,2,56,15.3,6.5,0,1,0,0,4,41.0,128,84.82,411
70.1,5,23,13.8,5.3,0,1,0,0,3,40.0,506,194.76,767
105.0,5,29,13.4,4.1,1,0,0,0,0,66.0,637,242.91,1040
72.4,5,23,13.3,6.7,1,0,0,0,2,46.0,385,149.01,810
85.5,4,36,14.6,,0,1,0,0,5,15.0,512,201.32,775
127.5,2,8,19.1,7.1,0,1,0,0,2,65.0,161,115.26,416
86.1,4,30,22.3,10.0,0,1,0,0,4,39.0,-6,73.73,313
113.4,2,13,14.0,8.9,0,1,0,0,4,62.0,140,131.25,440
71.7,2,37,18.9,7.6,1,0,0,1,1,76.0,-20,60.24,216
89.9,3,59,9.8,6.0,1,0,0,0,0,55.0,500,230.63,845
71.2,5,68,18.6,2.3,0,1,0,0,0,70.0,512,235.79,935
86.5,3,31,9.4,3.6,1,0,0,0,1,57.0,644,254.56,1100
116.0,2,3,20.5,8.8,0,1,0,0,1,79.0,-11,117.84,326
51.8,3,15,27.3,4.6,1,0,0,0,3,39.0,164,144.94,505
105.9,2,7,13.3,4.8,1,0,0,0,3,,374,141.4,659
100.9,4,53,0.8,5.9,0,1,0,0,2,65.0,923,249.43,1315
80.1,2,68,10.7,4.1,0,1,0,0,4,52.0,463,223.81,820
58.8,3,38,21.4,3.7,0,1,0,0,4,72.0,268,174.24,710
96.8,2,12,17.3,6.1,0,1,0,0,4,49.0,272,89.06,478
81.8,2,1,15.5,4.4,0,0,1,0,5,86.0,279,179.39,748
100.8,5,68,20.1,4.7,0,0,1,0,2,87.0,587,239.2,1064
95.5,2,22,16.9,4.6,0,0,1,0,4,59.0,240,169.56,681
135.0,1,7,21.3,7.2,0,1,0,0,2,63.0,43,90.01,388
89.0,2,12,19.5,5.7,0,1,0,0,1,73.0,155,104.0,476
69.4,3,17,23.1,5.8,0,1,0,0,0,37.0,175,106.98,411
99.5,1,45,16.2,7.4,0,1,0,0,0,35.0,28,50.67,197
100.5,2,62,19.4,5.9,1,0,0,0,5,74.0,333,172.24,676
129.0,1,19,12.2,5.6,0,1,0,0,1,59.0,373,133.79,579
115.9,3,48,10.4,7.1,1,0,0,0,5,52.0,467,232.62,841
103.9,4,4,24.2,7.5,1,0,0,1,4,55.0,128,117.12,456
131.6,5,0,15.3,5.9,0,0,1,0,2,19.0,495,227.04,800
65.3,2,3,18.8,6.4,1,0,0,1,5,52.0,60,80.12,229
79.0,5,64,14.7,4.6,0,1,0,0,5,44.0,413,201.51,901
71.8,2,40,10.5,4.5,0,1,0,0,5,69.0,353,151.54,866
85.3,4,56,14.1,7.7,1,0,0,0,2,70.0,289,215.76,695
60.6,3,1,22.6,7.1,0,0,1,0,1,64.0,182,99.05,363
110.9,4,1,17.3,7.1,1,0,0,0,0,61.0,270,139.83,669
89.4,4,59,3.7,6.8,0,0,1,1,5,33.0,619,260.21,1155
58.2,3,7,12.7,6.3,0,1,0,0,5,64.0,301,142.51,629
69.6,2,10,24.7,7.6,1,0,0,0,3,64.0,99,83.61,253
102.8,3,36,12.7,8.1,1,0,0,0,0,74.0,194,145.63,616
116.0,5,42,3.2,8.0,1,0,0,0,4,87.0,790,349.78,1291
144.9,5,16,25.4,6.0,1,0,0,1,1,30.0,378,161.16,598
167.8,5,31,18.1,9.0,1,0,0,0,3,49.0,406,168.53,673
105.4,1,47,13.6,6.7,0,0,1,0,3,44.0,155,127.79,512
70.3,3,30,11.8,7.5,1,0,0,1,0,58.0,206,156.57,558
41.7,1,26,20.5,6.8,0,0,1,1,0,55.0,-147,30.27,60
101.7,4,5,10.7,6.7,1,0,0,0,0,51.0,434,211.95,764
74.7,5,31,20.9,4.7,0,0,1,0,5,70.0,324,201.47,871
84.6,1,56,17.3,7.6,1,0,0,1,5,38.0,-113,69.55,217
79.7,4,43,15.5,10.0,0,1,0,0,2,39.0,132,119.46,401
91.5,5,62,14.9,5.5,0,1,0,0,2,40.0,438,193.27,832
121.6,5,8,13.0,6.3,1,0,0,0,2,50.0,537,193.89,933
98.9,2,0,20.3,5.3,0,0,1,1,2,37.0,13,80.3,270
91.0,1,38,8.8,5.2,1,0,0,1,3,54.0,300,346.21,1501
69.1,5,12,4.3,9.3,0,1,0,0,2,53.0,609,239.73,909
53.1,5,41,17.7,4.9,0,1,0,0,3,43.0,398,214.29,741
82.8,3,63,17.8,5.3,0,1,0,0,2,68.0,245,114.96,548
93.7,5,23,16.9,3.0,1,0,0,0,3,54.0,580,191.86,879
139.2,1,38,16.4,4.7,1,0,0,1,5,71.0,168,159.3,658
98.3,4,47,12.1,2.8,1,0,0,0,1,52.0,757,236.59,886
119.6,1,10,18.7,7.5,1,0,0,0,0,55.0,181,78.78,243
82.5,5,62,13.7,10.0,1,0,0,0,3,47.0,264,159.86,652
65.4,4,14,11.1,5.5,0,0,1,0,0,55.0,631,155.1,788
70.9,5,56,12.1,2.9,0,1,0,1,1,66.0,548,254.02,966
76.9,3,46,26.1,8.0,0,1,0,0,4,49.0,9,93.49,351
148.2,1,9,3.6,4.7,1,0,0,1,2,63.0,577,231.59,994
74.5,1,50,17.0,8.8,1,0,0,0,3,43.0,-88,42.03,154
116.0,2,13,3.9,5.6,0,1,0,0,4,66.0,786,280.22,1011
72.4,4,41,13.4,4.9,1,0,0,0,0,46.0,436,152.9,709
118.3,1,67,11.4,5.8,1,0,0,0,2,68.0,294,165.62,748
104.6,5,66,1.5,7.7,0,1,0,0,0,56.0,737,315.3,1160
91.1,2,60,16.3,5.7,0,1,0,0,2,78.0,288,177.8,694
94.0,3,34,11.7,5.2,0,0,1,0,1,38.0,521,205.91,762
78.6,2,39,1.4,5.8,1,0,0,0,5,33.0,607,287.81,1097
106.2,3,21,19.0,3.7,0,1,0,0,1,46.0,266,149.05,599
83.6,3,64,22.6,7.0,1,0,0,0,1,34.0,84,87.09,357
64.4,1,33,22.9,2.6,1,0,0,0,0,34.0,319,102.19,329
63.1,3,54,16.2,5.3,0,1,0,0,0,64.0,300,138.08,500
99.3,4,25,14.3,7.7,1,0,0,0,1,55.0,330,168.48,563
134.5,5,51,22.0,6.8,0,1,0,0,1,48.0,517,158.71,710
99.0,2,15,24.1,7.4,1,0,0,0,4,49.0,208,126.22,387
92.0,5,51,20.8,6.1,1,0,0,0,5,46.0,356,156.88,647
102.1,5,3,8.4,8.5,0,0,1,1,5,80.0,454,207.58,962
127.7,5,7,15.2,8.0,1,0,0,0,5,44.0,374,163.79,671
100.5,2,24,16.6,7.1,0,1,0,0,5,35.0,135,117.52,402
84.7,5,33,3.1,8.1,1,0,0,1,2,67.0,512,285.74,1130
122.7,3,49,,7.7,0,0,1,0,2,52.0,138,137.17,515
105.7,1,25,27.6,5.3,1,0,0,1,3,86.0,-33,126.35,430
133.4,2,1,17.8,3.5,1,0,0,0,1,47.0,445,159.9,662
99.6,4,22,22.8,7.0,0,1,0,1,3,68.0,81,137.72,520
64.4,1,30,15.1,7.3,1,0,0,1,5,71.0,81,76.45,305
60.8,3,38,13.6,8.4,1,0,0,1,1,47.0,38,83.45,331
136.3,4,45,16.3,4.3,0,0,1,0,4,44.0,631,201.26,861
138.1,1,17,9.1,4.4,0,1,0,1,5,66.0,429,187.16,865
90.5,3,42,8.2,7.1,0,1,0,1,3,64.0,281,223.52,771
85.4,2,44,21.6,6.1,0,1,0,0,2,34.0,212,85.83,305
131.5,3,54,22.2,2.4,0,0,1,0,1,38.0,585,242.27,791
67.3,2,36,8.1,7.0,0,0,1,1,1,17.0,212,119.82,522
72.6,5,56,19.8,2.5,0,1,0,0,1,64.0,498,225.54,931
111.1,1,15,13.5,4.3,1,0,0,0,4,51.0,296,165.11,720
85.1,5,49,16.0,8.9,1,0,0,0,3,53.0,243,139.57,614
94.9,4,3,16.8,9.8,0,1,0,0,1,30.0,133,71.09,247
90.9,5,7,20.0,3.8,0,0,1,0,3,39.0,462,233.69,804
103.4,5,60,14.5,5.5,0,1,0,0,4,48.0,410,221.46,869
130.2,1,33,22.5,6.3,1,0,0,0,0,45.0,109,82.66,286
97.3,5,43,15.9,9.8,1,0,0,1,0,57.0,191,61.67,293
111.1,3,42,17.7,5.2,0,1,0,0,5,64.0,303,137.56,718
43.7,5,48,9.0,5.2,0,0,1,0,4,89.0,562,264.16,1161
93.8,5,17,27.0,9.3,1,0,0,0,3,55.0,130,109.34,486
73.9,3,12,,5.5,0,1,0,1,5,72.0,135,104.17,460
64.5,2,2,18.3,7.6,0,1,0,1,3,43.0,16,36.88,97
73.0,1,60,4.4,3.2,0,0,1,0,3,30.0,540,260.87,1111
86.6,1,15,9.1,5.9,1,0,0,0,1,50.0,389,164.21,583
117.9,2,40,21.4,2.9,0,0,1,0,4,31.0,379,196.35,679
61.8,5,31,15.7,4.1,0,1,0,0,4,55.0,492,165.94,830
95.8,3,11,2.5,7.9,0,1,0,0,1,43.0,548,193.27,847
82.9,3,28,20.2,6.1,1,0,0,0,4,26.0,179,102.25,451
86.8,2,5,10.7,5.6,0,1,0,0,4,81.0,384,198.03,834
120.1,3,12,22.5,4.7,0,1,0,0,0,47.0,320,118.31,564
108.5,4,9,13.5,5.8,1,0,0,0,0,30.0,493,193.54,631
128.4,5,57,15.2,6.8,0,1,0,1,3,68.0,424,194.62,783
91.1,4,39,21.1,8.2,0,1,0,0,3,44.0,302,119.01,469
77.6,4,64,8.6,1.0,0,1,0,0,3,71.0,839,364.81,1264
89.4,5,30,8.0,4.5,1,0,0,0,2,44.0,627,275.59,1122
101.1,3,14,12.8,6.5,0,1,0,1,5,47.0,360,152.76,583
99.4,5,42,19.0,6.0,1,0,0,0,2,60.0,367,164.78,719
67.9,2,65,6.0,7.0,0,0,1,0,1,64.0,532,165.22,853
97.3,1,37,4.0,6.7,0,0,1,0,0,67.0,564,211.73,847
100.7,3,1,18.9,5.6,1,0,0,0,5,54.0,233,186.8,599
157.9,1,21,10.4,5.1,1,0,0,1,4,63.0,457,226.76,856
141.9,1,64,11.6,5.7,1,0,0,0,2,66.0,357,185.68,710
73.7,5,36,2.9,8.5,0,1,0,0,1,58.0,643,213.24,1019
87.8,4,66,9.9,4.7,0,0,1,0,0,53.0,641,294.62,1098
58.4,2,35,14.0,6.1,0,1,0,0,0,33.0,268,86.54,394
80.2,5,0,19.6,6.6,1,0,0,0,0,64.0,361,103.5,540
102.9,1,61,9.4,9.3,1,0,0,0,3,56.0,187,125.32,515
125.1,2,53,23.9,5.6,1,0,0,0,1,49.0,391,146.59,512
76.8,4,50,9.9,8.1,0,0,1,0,0,74.0,369,269.92,850
78.6,2,67,9.9,8.7,0,1,0,1,1,34.0,45,97.79,367
41.3,4,13,23.2,6.1,0,1,0,1,4,80.0,22,116.34,473
90.9,5,63,15.3,5.8,1,0,0,1,2,55.0,462,122.85,690
68.4,1,16,10.7,5.5,0,0,1,0,0,60.0,279,150.87,625
81.8,1,67,13.1,5.7,1,0,0,0,4,49.0,237,169.43,623
73.1,5,13,22.1,7.9,0,0,1,0,2,30.0,189,151.0,417
92.6,3,38,22.8,6.7,0,0,1,1,1,53.0,80,112.39,353
51.1,3,55,9.1,6.7,0,1,0,0,4,60.0,323,212.78,859
58.3,3,5,13.7,3.9,0,0,1,0,5,65.0,429,213.54,800
148.2,3,4,14.5,4.3,1,0,0,0,3,52.0,529,198.95,927
62.8,4,59,8.1,10.0,0,1,0,0,0,22.0,339,136.13,472
67.6,3,4,13.7,5.8,1,0,0,1,1,32.0,256,100.7,454
140.9,1,42,14.0,4.7,0,1,0,0,3,86.0,348,213.92,868
167.6,4,65,20.8,9.1,1,0,0,0,5,39.0,187,147.35,603
65.7,4,43,21.2,6.8,1,0,0,0,5,76.0,105,183.88,707
85.8,1,33,12.0,7.4,1,0,0,0,5,41.0,356,142.52,516
103.5,2,29,12.7,5.9,1,0,0,0,4,52.0,430,132.96,657
138.2,4,44,18.0,5.6,0,1,0,1,3,64.0,409,145.56,675
70.3,4,40,10.5,5.9,0,1,0,0,3,43.0,441,195.38,867
88.9,1,35,17.5,3.4,1,0,0,0,4,79.0,236,135.09,688
114.4,1,10,13.5,6.0,0,0,1,0,4,56.0,215,130.53,567
105.9,3,46,8.2,6.8,0,0,1,0,3,62.0,423,217.99,993
85.6,3,51,8.3,9.9,1,0,0,0,0,51.0,252,171.16,606
91.7,5,49,22.7,6.4,1,0,0,0,5,65.0,421,178.35,747
60.6,3,5,13.1,1.5,0,1,0,1,0,79.0,526,258.46,927
89.0,5,49,23.8,6.0,0,1,0,0,2,53.0,300,184.38,699
88.3,2,51,10.9,10.0,1,0,0,0,2,81.0,121,118.24,545
100.8,3,12,15.7,7.9,0,1,0,0,5,46.0,251,136.93,544
81.1,1,59,28.0,4.6,1,0,0,0,0,66.0,105,132.39,419
106.8,3,36,,7.4,1,0,0,0,2,62.0,490,255.07,944
120.3,1,33,2.6,4.7,0,1,0,1,2,39.0,618,194.2,791
98.9,3,50,21.7,3.5,0,1,0,0,0,58.0,399,130.94,654
103.8,2,35,9.0,5.5,0,0,1,1,1,55.0,410,169.94,836
96.3,1,38,13.9,6.4,1,0,0,0,2,42.0,154,127.33,513
95.0,1,21,10.5,2.5,1,0,0,0,5,60.0,474,152.23,898
77.0,3,64,15.6,3.9,1,0,0,0,2,57.0,313,214.64,712
102.9,5,67,8.3,6.2,1,0,0,0,5,54.0,572,315.35,1221
92.6,1,9,12.9,5.4,1,0,0,1,4,54.0,184,111.25,474
147.3,3,51,16.7,7.0,0,1,0,0,4,54.0,368,132.06,664
134.3,2,1,8.0,3.8,0,1,0,0,5,49.0,577,582.76,2150
104.6,5,25,9.8,7.6,0,1,0,0,4,57.0,564,197.66,901
75.9,3,67,11.9,3.8,1,0,0,1,4,45.0,463,147.65,722
67.2,5,12,5.4,9.5,1,0,0,0,0,95.0,390,193.02,886
124.8,2,26,11.5,2.8,0,1,0,0,4,34.0,574,220.51,901
101.6,1,15,14.7,,1,0,0,0,0,46.0,411,114.63,450
107.0,3,50,11.6,7.0,0,0,1,1,4,47.0,344,184.17,704
51.4,4,32,12.4,9.5,1,0,0,0,3,86.0,76,152.99,560
118.2,5,41,,6.8,0,1,0,0,4,35.0,535,217.09,904
106.4,5,65,10.1,7.3,0,0,1,1,3,61.0,433,287.41,1101
67.2,5,36,18.1,6.2,0,1,0,0,2,59.0,345,135.56,582
83.2,4,51,22.6,4.1,0,1,0,0,2,60.0,339,153.01,751
101.6,2,6,11.2,5.2,0,1,0,0,3,74.0,418,173.2,736
96.3,3,15,16.9,3.8,1,0,0,0,2,73.0,354,160.41,726
87.7,1,66,12.6,3.6,0,1,0,0,2,48.0,370,162.31,782
92.4,3,60,16.2,7.0,0,0,1,0,2,58.0,190,129.2,554
88.7,2,45,23.4,4.0,0,0,1,0,3,27.0,244,118.01,485
98.8,1,26,17.1,6.8,0,1,0,1,1,56.0,-70,61.88,187
131.8,2,13,3.4,3.6,1,0,0,0,3,43.0,833,388.32,1282
35.0,3,59,16.7,6.8,0,1,0,0,1,52.0,116,52.81,266
89.1,2,54,21.4,5.2,0,1,0,1,1,30.0,15,43.92,287
99.4,5,16,12.7,9.0,1,0,0,0,2,61.0,432,149.6,708
102.4,3,41,20.0,6.8,1,0,0,0,0,30.0,190,103.16,345
85.7,5,43,9.9,8.7,1,0,0,0,3,57.0,456,214.13,902
51.1,4,33,5.1,4.7,0,1,0,0,4,37.0,717,230.75,1097
103.2,1,64,14.8,6.3,1,0,0,0,5,42.0,206,121.11,479
138.2,2,8,3.5,4.2,1,0,0,0,1,72.0,850,359.95,1356
56.7,4,18,12.6,5.4,1,0,0,1,3,64.0,321,149.1,641
116.6,3,6,21.7,5.7,0,0,1,0,3,72.0,352,156.53,683
86.8,2,48,2.5,4.7,1,0,0,0,4,78.0,687,309.92,1265
93.5,3,45,6.3,3.8,1,0,0,0,3,43.0,729,250.72,1093
68.7,5,69,7.8,3.4,0,1,0,0,4,77.0,791,293.31,1290
86.6,2,37,13.6,1.5,1,0,0,0,5,33.0,597,203.19,881
127.5,1,10,11.8,4.1,0,0,1,0,0,66.0,489,218.28,799
109.6,2,31,22.4,7.5,0,0,1,1,2,48.0,0,66.1,221
138.3,5,6,19.7,3.0,1,0,0,0,3,41.0,583,249.97,906
124.4,4,46,17.0,3.5,0,1,0,0,3,64.0,523,251.53,889
106.0,5,47,14.9,9.8,1,0,0,0,2,,230,148.78,595
138.6,5,60,16.4,4.9,1,0,0,0,1,69.0,503,205.93,930
106.0,1,23,8.8,6.8,1,0,0,1,3,58.0,136,155.12,560
115.7,2,21,19.1,7.5,1,0,0,0,4,57.0,26,125.87,399
87.6,1,4,7.3,7.5,1,0,0,0,0,63.0,433,193.46,624
96.7,1,29,19.0,3.2,0,1,0,0,3,60.0,208,145.29,571
77.6,5,33,21.1,5.7,1,0,0,0,5,63.0,466,228.08,858
119.7,5,52,15.3,3.0,1,0,0,1,3,58.0,610,219.4,879
65.5,1,52,12.9,10.0,0,1,0,0,5,68.0,-39,99.6,348
114.6,4,9,16.4,3.0,0,1,0,0,2,31.0,462,184.65,788
90.2,3,19,-2.0,4.1,1,0,0,0,0,53.0,925,348.06,1415
124.3,1,35,15.8,4.1,1,0,0,0,4,34.0,433,174.25,634
113.8,5,23,13.3,3.2,1,0,0,0,1,59.0,796,308.58,1066
140.5,5,1,13.7,8.9,1,0,0,0,0,80.0,447,208.21,773
113.3,3,59,18.2,10.0,0,0,1,0,1,48.0,-22,67.96,264
55.7,4,51,13.6,5.2,0,0,1,0,5,57.0,340,209.34,898
93.3,2,36,7.2,3.6,1,0,0,0,4,66.0,561,200.21,987
65.7,4,22,13.2,1.7,1,0,0,1,1,24.0,619,241.8,817
82.0,3,58,14.4,5.7,0,1,0,0,3,47.0,426,146.73,662
132.8,5,2,14.7,5.6,0,1,0,0,2,60.0,578,242.51,861
110.9,1,31,15.0,4.9,1,0,0,0,1,15.0,254,111.83,412
77.5,1,56,20.2,6.6,1,0,0,0,5,40.0,115,86.24,312
69.7,5,66,7.5,7.0,0,1,0,1,4,72.0,441,240.31,1053
95.8,2,17,15.1,6.8,0,1,0,0,2,70.0,208,144.99,642
64.6,2,45,21.7,5.6,1,0,0,0,2,61.0,149,91.5,471
78.2,4,13,3.6,4.0,1,0,0,1,4,68.0,677,345.57,1200
102.8,1,8,15.1,7.5,1,0,0,1,2,58.0,-8,73.55,283
123.9,3,24,10.5,6.2,1,0,0,1,2,63.0,379,230.58,820
110.2,2,61,11.8,8.0,0,1,0,0,2,50.0,351,171.77,533
37.7,1,48,8.6,7.8,0,1,0,0,2,57.0,273,105.82,410
102.6,5,34,13.0,3.4,0,1,0,0,3,46.0,685,275.52,1038
96.8,1,19,25.0,3.3,1,0,0,0,0,74.0,226,146.26,558
105.3,1,9,6.4,4.7,1,0,0,0,2,78.0,494,191.09,871
135.4,4,18,7.0,4.1,0,0,1,0,2,76.0,815,323.11,1320
43.4,5,10,6.2,7.7,0,1,0,0,1,,494,212.66,834
80.2,1,13,24.4,6.9,1,0,0,0,2,41.0,5,45.62,186
109.8,4,48,11.2,8.4,1,0,0,0,2,74.0,426,216.46,904
55.5,3,9,13.8,7.0,0,0,1,0,2,63.0,198,122.8,493
131.9,5,3,11.6,6.6,0,1,0,0,5,60.0,591,345.24,1130
104.2,1,37,8.3,8.6,0,0,1,0,3,45.0,245,109.75,570
116.2,5,20,12.6,,0,1,0,0,3,61.0,495,195.18,767
80.7,4,31,28.0,6.3,0,1,0,0,1,39.0,228,130.16,473
115.3,5,9,22.4,9.2,0,1,0,0,5,65.0,280,117.23,541
121.7,2,14,8.9,6.4,1,0,0,0,0,76.0,358,200.36,825
100.8,5,30,17.9,5.6,0,1,0,0,3,79.0,501,221.21,820
100.9,4,48,9.0,4.5,0,1,0,0,1,66.0,672,263.44,1049
101.8,1,29,3.3,7.6,1,0,0,0,4,34.0,493,187.69,774
73.4,5,37,20.1,8.7,0,0,1,0,2,58.0,222,137.04,496
91.3,4,36,21.0,6.1,1,0,0,0,1,87.0,245,192.64,657
91.2,2,18,20.3,8.8,1,0,0,1,0,42.0,-136,24.33,60
104.6,3,19,11.2,2.3,1,0,0,0,4,54.0,595,238.17,1062
120.0,2,29,13.0,6.1,0,0,1,0,2,76.0,340,177.6,724
68.5,3,2,18.5,6.1,0,0,1,1,1,64.0,133,96.51,269
91.9,5,47,16.3,4.7,0,1,0,1,5,92.0,371,202.07,922
132.0,5,43,11.6,10.0,0,0,1,0,0,44.0,452,139.46,675
76.4,2,21,4.3,6.1,0,0,1,0,2,40.0,386,156.0,876
74.4,5,26,14.7,5.4,0,0,1,1,0,73.0,358,185.03,768
100.1,3,23,20.5,6.3,0,0,1,0,0,37.0,294,106.39,331
116.1,4,45,6.8,2.2,1,0,0,0,0,52.0,877,268.45,1397
95.3,4,53,17.8,4.7,0,1,0,0,1,54.0,328,197.72,702
128.2,3,7,16.0,8.2,0,1,0,1,5,71.0,116,120.53,504
116.4,3,28,18.5,4.9,0,1,0,0,2,64.0,152,173.75,610
116.0,3,0,19.2,4.5,1,0,0,0,5,62.0,294,186.04,743
108.9,5,31,9.8,8.8,0,1,0,0,1,49.0,553,158.36,779
153.2,2,17,4.3,8.9,0,0,1,0,4,73.0,493,535.86,2148
89.9,2,23,10.8,7.2,1,0,0,0,0,95.0,272,169.28,711
44.9,2,31,19.3,5.3,0,0,1,1,0,65.0,-122,54.11,209
135.1,1,22,10.7,5.7,1,0,0,0,0,56.0,308,125.93,614
83.6,2,27,9.8,4.6,1,0,0,1,5,36.0,452,158.17,674
97.7,1,53,3.1,4.2,1,0,0,1,4,45.0,598,229.88,1029
127.7,1,56,24.5,4.1,0,1,0,0,4,52.0,182,167.0,606
54.9,4,0,19.0,5.0,0,1,0,0,5,47.0,237,145.56,622
63.7,1,26,18.6,4.1,1,0,0,0,1,55.0,130,102.77,339
55.0,3,59,19.8,3.1,0,1,0,1,4,82.0,158,130.07,714
75.1,4,37,17.5,6.6,1,0,0,0,3,74.0,122,168.04,622
106.0,4,14,12.5,6.7,0,1,0,0,3,53.0,439,227.44,717
108.1,3,41,13.0,9.6,0,0,1,1,3,37.0,163,106.6,436
101.9,1,10,11.4,4.9,0,1,0,0,2,75.0,398,177.46,696
59.7,5,1,28.0,6.8,0,1,0,1,0,54.0,228,102.44,352
37.2,5,44,17.3,6.8,0,1,0,0,0,29.0,138,102.18,421
96.4,4,36,11.2,5.7,0,0,1,0,3,66.0,527,259.76,991
83.2,1,52,16.8,7.7,1,0,0,0,3,70.0,-7,84.86,348
106.5,1,24,7.9,7.8,1,0,0,0,4,19.0,312,139.63,558
112.5,2,59,23.0,6.9,1,0,0,0,3,43.0,133,108.33,381
98.5,1,29,10.0,5.7,0,1,0,1,1,53.0,234,115.69,529
114.0,5,51,17.0,5.5,0,1,0,0,2,66.0,284,176.93,813
100.7,2,7,20.4,,0,1,0,0,2,47.0,379,131.41,505
108.3,2,6,16.3,4.6,1,0,0,1,5,43.0,254,126.97,508
77.4,5,54,14.6,5.0,1,0,0,0,3,66.0,403,207.14,974
90.5,5,58,14.1,4.0,0,1,0,0,3,48.0,616,191.59,986
99.9,2,65,13.7,7.1,0,0,1,1,4,63.0,131,125.15,562
115.5,2,22,10.5,8.6,1,0,0,0,2,38.0,258,139.98,515
85.2,3,1,11.3,4.4,1,0,0,0,5,35.0,453,218.61,861
108.0,4,68,22.9,6.8,1,0,0,0,4,66.0,314,154.2,589
88.4,5,42,13.3,4.1,0,1,0,1,5,59.0,474,239.4,1000
92.1,5,17,9.3,5.6,1,0,0,0,4,69.0,581,215.57,1010
115.7,5,53,10.9,4.8,1,0,0,0,3,47.0,758,281.34,1032
45.2,1,63,20.6,7.4,0,1,0,0,0,43.0,-97,22.49,94
62.6,2,19,18.1,4.8,1,0,0,0,3,75.0,152,150.52,594
57.9,3,53,17.4,8.2,1,0,0,0,0,32.0,94,70.32,270
36.7,1,55,12.5,5.7,1,0,0,0,3,74.0,115,147.5,600
78.0,2,35,17.4,4.9,0,0,1,0,4,75.0,176,167.0,620
113.7,1,44,10.1,3.7,1,0,0,0,3,68.0,509,180.49,829
87.9,5,18,12.4,,1,0,0,0,1,45.0,393,203.57,784
99.9,1,65,19.8,8.0,1,0,0,1,0,43.0,-77,19.87,82
122.2,1,68,19.2,6.7,0,1,0,0,4,52.0,61,88.23,410
128.2,1,68,8.1,10.0,0,0,1,0,4,36.0,285,157.28,651
93.3,1,51,8.9,9.1,1,0,0,0,2,41.0,222,148.61,466
128.8,3,2,14.7,5.6,1,0,0,0,4,65.0,443,167.31,829
97.3,2,25,24.4,5.6,1,0,0,1,4,65.0,10,101.57,361
74.1,5,31,2.5,7.1,0,1,0,0,3,39.0,726,294.19,1085
80.1,2,67,15.7,4.5,0,0,1,0,0,65.0,211,144.41,595
58.0,3,38,5.7,8.5,0,1,0,0,5,62.0,385,177.33,778
72.8,4,37,10.2,6.9,1,0,0,0,2,78.0,301,218.69,902
86.0,4,10,11.8,6.7,0,1,0,0,4,64.0,337,142.54,740
115.1,4,55,11.5,7.6,0,1,0,1,5,71.0,439,182.25,829
138.0,2,23,10.8,9.6,1,0,0,0,2,62.0,286,172.11,581
60.4,3,6,14.0,6.5,1,0,0,0,3,70.0,232,151.94,574
104.8,5,69,10.8,6.0,1,0,0,0,0,36.0,551,218.14,913
69.0,5,13,5.2,9.2,0,1,0,0,5,53.0,461,231.08,895
106.9,4,1,18.7,8.1,0,1,0,0,0,54.0,220,115.44,375
91.7,4,5,18.5,5.6,0,1,0,0,3,51.0,295,149.21,594
49.2,5,31,19.1,6.2,0,0,1,0,2,62.0,360,141.11,581
118.2,4,7,4.8,6.6,1,0,0,0,0,65.0,698,306.41,1060
79.9,5,58,15.8,6.9,1,0,0,1,2,61.0,280,200.18,712
81.7,1,35,18.1,3.5,1,0,0,0,5,52.0,118,153.8,556
68.3,2,22,7.8,3.1,0,0,1,1,1,44.0,470,170.97,844
78.6,1,0,14.1,4.4,0,1,0,0,1,71.0,273,132.17,544
105.7,1,33,13.3,4.3,1,0,0,0,1,60.0,324,151.54,615
90.3,3,10,25.1,4.9,1,0,0,1,0,40.0,172,85.29,346
103.2,2,68,25.5,7.5,0,1,0,0,1,52.0,114,70.13,355
104.0,3,20,4.0,5.9,0,1,0,0,3,29.0,764,215.3,886
128.0,3,33,28.0,6.6,0,1,0,0,4,56.0,272,174.69,615
86.4,4,1,8.5,3.8,1,0,0,0,4,52.0,757,272.5,1069
58.1,5,9,19.9,5.3,0,0,1,1,4,46.0,292,111.5,525
121.7,5,14,19.8,7.4,0,1,0,0,4,79.0,411,167.27,723
86.7,2,3,8.0,7.4,0,1,0,1,2,38.0,250,165.85,601
122.9,2,50,17.0,4.8,0,1,0,0,5,66.0,299,168.89,697
104.6,4,66,13.4,6.5,0,0,1,0,1,88.0,418,207.84,815
91.7,1,68,17.3,10.0,0,0,1,0,4,71.0,-83,66.83,207
103.7,3,18,15.4,6.2,0,1,0,1,0,55.0,282,139.28,485
143.8,3,55,21.2,4.8,1,0,0,0,4,38.0,401,157.23,785
146.9,1,35,14.5,5.9,1,0,0,1,0,,277,97.18,382
96.7,4,3,13.0,6.4,0,0,1,0,1,49.0,398,183.15,792
99.0,2,6,20.6,5.9,0,1,0,0,2,45.0,227,106.16,406
121.9,1,38,17.5,6.1,1,0,0,0,4,44.0,214,121.61,428
73.9,4,29,18.4,3.3,1,0,0,0,0,50.0,447,183.2,654
103.3,1,0,,4.3,0,0,1,1,1,53.0,368,186.36,686
94.4,4,65,7.7,5.9,0,0,1,0,2,62.0,656,308.16,1198
102.8,1,51,10.6,5.9,0,0,1,0,4,36.0,279,179.1,737
74.2,3,35,10.3,5.1,0,1,0,0,5,45.0,481,210.58,801
55.3,5,69,18.7,5.8,0,1,0,0,3,53.0,320,127.6,667
43.2,2,67,19.9,6.3,0,0,1,0,3,52.0,-40,128.61,422
67.1,4,68,13.1,8.0,1,0,0,1,2,83.0,230,179.62,658
83.5,4,18,22.6,6.0,1,0,0,0,4,58.0,202,172.67,649
87.7,5,61,22.2,7.0,0,0,1,0,0,31.0,275,147.66,544
143.4,1,35,15.5,5.1,1,0,0,0,0,61.0,314,120.07,602
122.6,4,50,9.1,7.3,0,1,0,0,1,63.0,507,210.54,921
70.9,5,60,23.5,7.0,0,1,0,0,1,53.0,272,172.44,614
103.7,4,11,13.6,7.9,0,1,0,0,2,37.0,349,157.69,596
84.8,1,31,14.8,7.6,1,0,0,0,5,81.0,28,115.78,506
87.9,5,9,12.0,7.4,0,1,0,0,3,39.0,493,167.93,696
99.6,1,19,8.7,6.0,1,0,0,1,2,65.0,252,175.23,665
110.5,3,28,5.2,6.7,0,0,1,1,1,58.0,664,274.84,977
86.5,3,59,17.8,8.3,1,0,0,1,3,64.0,6,72.28,336
121.6,3,60,9.3,4.9,0,1,0,0,1,81.0,534,338.23,1204
66.5,3,27,28.0,4.9,0,1,0,0,5,63.0,174,162.13,541
95.2,1,23,7.5,6.6,1,0,0,0,2,47.0,441,173.65,735
159.9,3,37,6.5,7.0,1,0,0,0,3,72.0,625,225.24,1084
100.6,5,63,17.1,4.6,0,1,0,0,5,46.0,403,255.5,905
130.8,3,68,23.2,,1,0,0,0,1,57.0,347,195.1,734
97.3,2,15,14.4,6.0,1,0,0,1,2,36.0,168,62.79,367
109.5,5,13,17.4,1.8,0,1,0,1,3,40.0,607,202.01,827
93.6,1,49,2.9,5.8,0,0,1,0,1,56.0,607,351.82,1052
90.7,3,21,9.9,5.9,0,1,0,0,0,61.0,486,174.17,715
75.5,3,13,7.6,5.9,1,0,0,0,1,29.0,652,179.19,809
105.8,3,2,2.6,9.0,0,0,1,0,0,62.0,445,191.27,962
73.7,5,28,14.7,3.8,0,1,0,1,4,43.0,418,250.26,836
111.6,3,27,0.5,4.6,0,1,0,1,0,74.0,770,279.25,1089
122.1,5,39,6.1,1.0,1,0,0,0,1,50.0,1192,388.38,1391
104.2,1,14,10.8,5.2,1,0,0,0,5,38.0,476,175.43,683
87.8,4,50,9.0,5.4,1,0,0,0,3,56.0,666,272.69,942
106.3,3,47,16.4,5.2,0,1,0,0,4,41.0,297,156.4,738
87.3,2,32,15.8,8.4,1,0,0,0,4,74.0,38,115.68,392
118.4,2,12,19.4,7.9,0,1,0,0,1,55.0,53,85.91,278
49.2,4,35,18.5,6.4,1,0,0,0,3,53.0,139,147.02,510
86.6,4,47,20.8,5.5,1,0,0,0,1,64.0,400,150.22,614
45.2,4,26,14.0,8.3,1,0,0,0,3,40.0,179,86.84,409
57.6,1,18,15.8,6.2,0,1,0,0,4,36.0,64,96.51,355
129.1,3,35,17.1,4.6,0,1,0,0,5,61.0,449,141.06,751
117.4,5,24,14.8,2.8,1,0,0,1,5,39.0,507,176.99,969
77.0,1,28,11.6,5.3,1,0,0,0,0,38.0,288,132.76,495
57.4,3,24,12.0,7.7,1,0,0,0,1,68.0,175,136.49,602
35.0,3,21,9.1,10.0,0,0,1,0,3,63.0,139,144.05,586
81.4,5,50,16.5,6.3,1,0,0,0,1,36.0,336,159.21,599
155.5,2,32,13.4,4.7,0,1,0,0,3,46.0,452,225.79,786
105.9,3,32,10.0,3.8,1,0,0,0,5,41.0,626,268.63,1011
81.0,4,45,10.0,7.3,1,0,0,0,1,82.0,454,279.77,927
106.6,1,25,6.7,2.7,0,1,0,1,5,69.0,541,238.93,922
56.0,5,7,19.9,7.3,0,1,0,0,5,49.0,243,160.19,613
87.6,5,59,14.5,7.8,1,0,0,0,5,64.0,309,184.19,783
97.5,4,3,8.8,7.1,0,0,1,1,0,35.0,481,152.39,717
92.8,4,40,18.9,5.8,1,0,0,0,1,45.0,294,146.76,516
114.8,4,18,10.6,7.3,1,0,0,0,0,57.0,461,136.58,734
103.6,4,14,5.6,6.5,1,0,0,1,0,62.0,534,206.96,895
111.7,5,2,20.1,4.6,0,1,0,0,0,54.0,466,167.25,680
77.8,3,63,10.8,9.9,0,1,0,0,2,59.0,309,125.89,512
117.4,3,30,11.5,5.5,1,0,0,0,0,56.0,494,175.02,764
135.7,4,23,14.2,7.8,0,0,1,0,1,53.0,328,489.37,1667
70.7,1,51,20.9,1.4,0,1,0,1,5,51.0,270,151.6,540
72.8,5,2,14.1,8.8,0,0,1,0,5,49.0,260,141.56,601
128.4,4,39,6.8,9.1,0,0,1,0,5,58.0,549,235.48,1049
90.2,4,34,17.3,6.3,0,0,1,0,0,61.0,259,144.79,624
130.1,2,38,11.1,7.3,0,1,0,0,3,58.0,443,207.46,714
83.9,2,8,25.3,7.3,1,0,0,0,3,37.0,31,75.06,252
131.4,3,66,,4.9,0,1,0,0,0,40.0,567,141.98,688
98.3,4,16,0.6,7.3,0,1,0,1,5,61.0,614,240.4,1033
101.5,4,47,16.1,4.6,0,1,0,0,2,77.0,429,193.95,795
134.1,4,52,25.7,5.0,0,1,0,1,5,57.0,437,221.72,820
86.0,5,24,23.5,8.5,1,0,0,0,0,49.0,225,114.61,449
71.5,5,9,25.0,8.1,0,0,1,0,3,58.0,344,111.95,464
83.8,4,20,7.9,4.8,1,0,0,0,0,38.0,630,263.26,913
106.3,2,56,19.5,4.7,0,0,1,1,5,75.0,190,152.43,570
55.9,3,63,9.7,4.9,1,0,0,0,3,58.0,576,244.84,857
110.9,3,65,15.3,7.7,1,0,0,0,0,45.0,158,136.42,534
81.5,4,15,6.4,4.2,0,0,1,1,1,52.0,542,285.42,1056
123.7,5,42,10.1,6.9,0,0,1,0,2,47.0,567,230.33,1162
35.1,2,10,9.9,7.7,0,1,0,0,0,75.0,239,115.92,512
75.3,3,49,19.4,6.0,0,0,1,0,0,52.0,94,107.52,490
52.8,1,29,18.8,8.2,1,0,0,0,5,57.0,-80,69.94,194
74.3,4,49,15.7,5.6,0,0,1,0,5,64.0,381,218.38,782
101.2,3,47,5.9,5.8,1,0,0,0,3,44.0,737,234.17,1067
90.5,3,69,12.1,4.2,0,1,0,1,5,58.0,480,232.16,840
88.7,3,34,9.5,8.2,0,1,0,0,3,59.0,373,233.81,771
91.0,2,23,19.2,4.7,1,0,0,0,0,32.0,305,94.82,391
100.1,3,36,21.1,6.9,0,1,0,1,4,59.0,143,125.52,445
69.8,4,11,20.3,6.1,0,1,0,0,0,54.0,216,123.33,469
112.7,2,7,9.5,4.1,1,0,0,0,4,57.0,486,257.26,1048
111.6,1,36,-2.0,5.0,0,0,1,0,2,56.0,744,344.04,1280
104.6,2,57,3.4,9.0,0,1,0,0,0,59.0,450,251.12,861
108.9,1,37,22.5,6.6,1,0,0,0,1,75.0,95,100.64,379
102.4,2,54,11.6,4.2,0,1,0,1,4,37.0,258,141.8,641
145.9,4,12,9.5,6.8,1,0,0,1,5,50.0,520,207.73,888
92.8,1,31,23.9,5.9,1,0,0,0,3,65.0,93,103.15,341
87.3,4,42,21.6,10.0,0,1,0,0,0,62.0,97,99.89,336
76.2,2,24,14.1,6.8,1,0,0,1,5,62.0,213,109.64,435
69.2,5,0,12.2,5.4,1,0,0,0,4,95.0,537,181.86,1040
63.9,4,5,13.2,9.0,0,1,0,1,2,64.0,82,90.98,445
72.8,2,64,15.4,2.5,1,0,0,0,3,72.0,277,569.98,2272
93.2,3,42,23.6,6.4,0,0,1,0,5,50.0,246,132.38,537
103.4,1,18,16.5,10.0,0,1,0,1,2,40.0,-200,13.39,60
96.3,1,18,18.4,6.0,1,0,0,0,0,50.0,145,66.92,259
75.9,5,2,21.0,2.7,0,1,0,0,0,66.0,597,240.78,942
117.5,5,66,7.0,5.4,1,0,0,1,3,61.0,605,310.31,1253
113.5,1,7,18.5,9.1,0,1,0,0,5,61.0,-10,70.9,230
91.0,2,53,12.2,7.0,1,0,0,0,4,52.0,349,158.8,622
78.7,1,16,-1.1,4.5,0,0,1,0,3,49.0,774,319.56,1265
108.7,2,23,1.2,4.8,1,0,0,0,1,52.0,632,297.73,1175
99.7,2,19,7.9,5.1,0,1,0,0,2,66.0,471,177.36,849
58.8,2,57,17.2,6.9,1,0,0,0,0,68.0,-15,102.05,373
93.3,3,2,14.7,8.9,1,0,0,0,2,40.0,198,97.47,335
101.6,1,24,15.1,8.3,0,1,0,1,3,66.0,8,67.26,236
72.5,5,19,25.7,7.1,0,1,0,0,5,45.0,103,159.15,598
99.7,4,19,6.4,3.5,0,0,1,0,5,62.0,777,275.45,1300
58.6,4,13,13.8,3.5,1,0,0,0,4,52.0,539,195.56,899
128.4,1,63,15.8,7.3,1,0,0,1,0,78.0,80,117.5,397
126.2,4,26,9.6,3.5,1,0,0,0,4,49.0,761,481.06,1995
88.7,5,29,14.2,5.7,1,0,0,1,1,58.0,386,176.57,737
104.1,1,26,4.4,6.8,0,0,1,0,3,64.0,409,182.73,887
35.0,4,68,22.5,3.9,0,0,1,0,5,42.0,294,143.27,709
66.1,2,23,9.9,4.2,0,0,1,1,5,54.0,367,151.12,800
87.7,4,23,26.2,6.0,1,0,0,1,3,51.0,242,96.27,561
68.2,3,22,13.8,7.2,1,0,0,0,1,47.0,278,127.04,529
112.9,5,22,20.2,8.3,0,1,0,0,3,48.0,284,162.59,517
144.9,1,6,13.7,7.4,1,0,0,0,4,72.0,307,149.48,512
65.6,2,42,13.8,6.3,0,1,0,0,3,46.0,188,92.1,469
74.1,2,1,10.5,4.7,1,0,0,1,2,63.0,248,149.7,603
100.9,2,15,14.7,4.1,1,0,0,1,2,60.0,324,145.14,678
135.3,2,14,15.9,5.2,0,0,1,0,3,34.0,355,127.77,599
64.4,2,20,9.3,7.0,1,0,0,0,0,63.0,335,151.41,654
101.2,1,52,13.2,6.9,0,0,1,0,5,34.0,121,137.22,534
140.5,4,41,10.3,2.0,1,0,0,0,0,64.0,949,297.75,1254
53.7,3,69,27.8,4.6,1,0,0,0,5,47.0,267,170.32,603
63.0,5,24,13.5,8.6,1,0,0,0,0,55.0,281,165.91,619
84.4,4,64,23.3,,1,0,0,0,3,36.0,201,137.18,567
82.0,1,3,12.8,3.4,0,1,0,0,2,57.0,428,148.02,589
115.3,1,35,15.6,10.0,1,0,0,1,3,69.0,-164,72.27,243
101.0,3,55,6.1,6.1,0,1,0,0,2,43.0,729,185.37,914
50.6,3,37,11.3,7.0,0,0,1,0,5,46.0,250,133.19,683
107.9,2,65,15.3,7.0,1,0,0,0,0,62.0,315,118.24,407
80.6,4,22,23.5,5.5,1,0,0,0,5,62.0,288,160.91,707
126.9,3,2,15.3,4.7,1,0,0,0,4,18.0,541,132.76,670
79.3,4,54,22.3,10.0,0,1,0,0,4,85.0,5,124.57,479
79.1,1,4,,8.2,0,1,0,0,0,63.0,-56,32.05,112
108.5,5,53,23.8,7.8,1,0,0,0,0,65.0,346,181.06,588
114.1,2,51,13.6,7.4,0,1,0,1,2,53.0,213,94.72,445
106.2,3,59,28.0,4.2,0,1,0,0,1,27.0,417,163.82,601
52.9,3,33,11.1,8.8,1,0,0,0,4,65.0,170,171.68,622
108.5,5,62,9.4,4.5,1,0,0,0,5,47.0,743,280.95,1222
69.1,2,11,,6.8,0,0,1,1,2,63.0,398,196.98,791
100.9,2,30,28.0,2.9,1,0,0,0,4,52.0,300,173.19,673
59.4,2,8,18.9,2.1,1,0,0,1,0,59.0,258,101.13,429
106.2,2,53,12.0,6.8,1,0,0,0,4,43.0,305,187.41,685
74.8,1,49,21.5,4.6,0,1,0,0,0,68.0,139,78.02,362
62.9,1,56,18.1,2.2,0,1,0,0,4,,240,141.06,549
112.8,2,53,25.8,7.3,1,0,0,0,2,89.0,77,113.35,458
101.0,3,21,4.7,10.0,0,1,0,0,2,89.0,405,203.81,776
79.7,2,4,12.4,9.0,0,1,0,0,1,79.0,141,105.17,342
131.3,2,65,11.2,5.7,1,0,0,0,2,74.0,447,236.22,896
84.0,4,34,2.2,6.2,0,0,1,0,5,54.0,835,364.83,1462
95.8,2,6,20.4,8.0,1,0,0,0,4,72.0,112,104.34,363
101.7,5,64,12.4,8.4,1,0,0,0,2,54.0,437,225.24,840
79.5,4,69,18.4,5.5,0,0,1,0,1,32.0,251,194.34,651
106.8,1,31,28.0,6.3,0,0,1,0,3,78.0,48,126.54,462
81.7,2,53,11.9,6.8,1,0,0,1,4,72.0,311,151.05,590
84.7,1,2,11.5,7.3,0,0,1,0,1,55.0,132,122.06,452
129.1,2,6,14.7,5.9,0,1,0,1,4,37.0,260,115.26,485
69.0,2,19,19.9,6.0,1,0,0,1,5,46.0,50,71.02,279
35.0,1,45,10.6,9.0,0,0,1,0,5,28.0,8,80.2,337
135.3,1,9,10.2,8.6,0,1,0,1,3,69.0,121,113.92,519
158.7,3,2,20.3,7.2,1,0,0,0,1,31.0,244,112.16,479
84.9,4,46,16.3,9.6,0,1,0,0,1,59.0,100,110.65,353
46.6,2,53,1.7,5.4,1,0,0,1,4,,463,248.61,904
87.2,5,51,6.6,9.4,1,0,0,0,2,34.0,589,164.21,836
87.8,2,55,23.0,7.3,0,0,1,0,0,59.0,74,99.78,349
90.3,5,56,16.4,10.0,0,1,0,0,4,50.0,157,102.39,578
67.2,2,42,9.4,3.8,0,1,0,0,0,68.0,490,224.59,964
109.5,3,36,13.0,4.8,0,1,0,0,5,36.0,515,478.82,1673
108.1,4,59,14.1,7.0,0,1,0,0,2,44.0,368,153.06,681
57.6,1,24,18.4,7.0,1,0,0,0,2,19.0,14,28.67,82
112.5,5,6,5.9,10.0,0,0,1,0,0,22.0,472,213.65,802
146.3,2,52,9.0,4.9,0,1,0,0,1,82.0,663,183.64,1012
99.3,3,19,15.6,8.0,0,1,0,0,5,86.0,200,159.7,609
86.6,4,68,13.4,8.5,0,1,0,0,3,56.0,281,132.04,532
91.4,4,28,17.4,7.6,1,0,0,0,5,43.0,181,348.24,1188
110.4,1,59,6.6,4.3,1,0,0,0,5,51.0,483,211.82,1024
51.7,5,2,16.1,9.0,1,0,0,0,0,68.0,75,115.22,477
99.1,4,46,20.5,8.7,1,0,0,1,2,47.0,34,303.12,1407
85.2,5,31,16.9,7.4,0,1,0,0,5,59.0,342,129.88,630
141.2,3,32,14.8,6.6,0,0,1,0,2,55.0,328,188.93,713
90.6,4,18,13.4,6.7,1,0,0,1,3,46.0,218,128.85,517
136.7,3,67,9.0,6.0,1,0,0,1,3,47.0,449,193.39,848
67.4,5,27,13.6,7.5,0,1,0,0,4,59.0,341,165.71,763
109.7,5,59,21.6,6.3,1,0,0,0,5,40.0,362,158.38,739
103.0,5,29,13.3,4.5,0,0,1,0,5,62.0,602,263.12,1157
73.3,3,3,8.7,4.1,1,0,0,0,3,48.0,632,163.05,818
99.4,4,61,11.0,4.7,1,0,0,1,3,57.0,585,207.51,932
125.3,2,12,15.2,6.6,1,0,0,0,2,76.0,392,149.06,590
86.9,3,18,11.8,6.1,0,0,1,0,0,52.0,297,162.4,750
52.7,4,60,16.9,6.6,1,0,0,0,4,69.0,164,177.95,668
94.6,1,62,17.1,7.2,0,1,0,1,0,28.0,12,41.64,124
72.4,4,64,19.3,4.9,1,0,0,0,4,48.0,288,176.04,758
86.4,1,29,22.5,9.1,1,0,0,1,2,55.0,-126,23.85,60
93.0,3,52,20.0,5.7,0,0,1,0,4,84.0,255,213.89,757
52.4,3,22,8.4,5.3,1,0,0,0,5,26.0,566,225.46,758
54.6,3,51,8.6,7.2,1,0,0,0,3,54.0,428,152.64,714
107.1,3,35,13.5,2.5,0,1,0,0,3,77.0,645,231.06,1067
81.9,3,3,11.3,4.6,0,0,1,1,2,43.0,377,124.94,642
35.0,3,29,7.2,8.2,1,0,0,0,2,52.0,307,191.11,686
114.6,3,32,11.3,2.7,1,0,0,0,0,60.0,633,225.21,1019
101.8,3,18,11.2,8.4,0,0,1,0,0,58.0,225,175.88,683
77.2,4,26,10.0,9.2,0,1,0,0,4,78.0,417,226.38,740
62.1,3,35,12.1,5.5,0,0,1,0,5,62.0,413,211.34,842
115.9,4,3,21.1,6.8,0,1,0,0,0,75.0,277,171.0,599
103.7,5,10,15.2,8.4,0,1,0,0,1,50.0,418,151.0,551
154.6,5,53,28.0,5.3,1,0,0,0,3,44.0,490,197.05,839
105.5,1,24,15.0,7.9,1,0,0,0,4,52.0,-14,115.48,406
104.7,4,42,12.3,4.9,0,1,0,0,4,38.0,611,217.42,894
90.8,2,39,14.0,5.2,0,1,0,0,4,62.0,239,183.28,670
115.4,1,38,15.5,4.6,0,0,1,0,0,49.0,271,122.04,538
110.6,4,28,16.6,6.9,0,1,0,0,1,45.0,336,156.16,635
126.3,1,33,26.5,8.5,1,0,0,0,2,62.0,38,69.73,262
82.0,5,57,8.9,5.8,0,1,0,0,0,38.0,679,197.34,897
84.1,4,67,19.2,3.7,0,1,0,1,2,67.0,360,154.89,633
83.0,5,17,15.2,4.0,0,1,0,0,2,48.0,573,130.21,843
114.8,4,46,4.6,7.0,0,1,0,0,5,72.0,639,298.34,1227
132.5,5,67,18.6,9.9,0,1,0,0,1,49.0,248,129.13,553
83.5,1,0,21.6,7.0,1,0,0,0,5,64.0,-78,101.12,312
84.4,5,54,8.9,5.4,0,1,0,0,4,58.0,749,277.01,1159
102.9,1,34,13.9,7.7,0,1,0,0,4,66.0,51,119.9,507
88.9,2,67,3.6,5.7,0,0,1,0,4,57.0,576,280.82,1264
118.8,1,40,6.4,5.4,1,0,0,0,5,30.0,439,228.39,950
38.7,3,58,20.3,4.3,0,1,0,0,1,70.0,167,187.25,629
74.3,4,11,11.2,9.0,0,1,0,0,2,54.0,298,129.91,560
75.4,2,9,7.3,1.1,0,1,0,0,3,67.0,680,218.4,1031
37.0,5,64,15.4,7.8,1,0,0,0,5,65.0,302,151.98,716
70.9,4,36,10.9,5.3,0,0,1,0,0,43.0,517,174.39,883
72.1,4,39,11.2,5.4,0,0,1,0,2,41.0,463,242.97,949
90.0,5,11,18.4,9.6,0,1,0,1,1,65.0,74,107.27,370
122.8,3,15,7.0,4.8,0,1,0,0,1,50.0,755,305.58,1089
88.9,2,57,8.6,4.8,1,0,0,0,4,69.0,550,270.35,1028
69.2,5,21,14.9,5.9,0,1,0,1,1,52.0,269,197.93,613
93.6,3,40,19.8,7.0,0,1,0,0,4,70.0,131,144.73,491
121.2,4,22,21.4,5.3,0,1,0,1,5,61.0,339,179.59,695
70.6,2,18,10.0,3.1,1,0,0,0,4,59.0,532,158.95,894
72.2,2,11,19.6,4.5,0,1,0,0,1,49.0,134,117.13,417
109.0,1,65,9.3,8.8,1,0,0,0,0,58.0,270,148.61,553
89.5,2,65,25.0,6.3,0,1,0,0,2,73.0,79,139.8,518
111.2,1,8,7.2,7.1,0,1,0,0,3,54.0,464,139.72,671
94.7,4,24,22.0,5.7,1,0,0,0,4,63.0,348,183.54,722
112.5,1,39,10.1,4.9,0,1,0,0,2,56.0,355,160.71,611
69.1,4,26,26.1,9.6,0,0,1,0,1,57.0,18,71.19,292
94.7,5,50,17.5,5.8,0,1,0,0,5,81.0,363,221.16,953
89.7,4,18,7.9,5.3,1,0,0,1,5,73.0,560,319.21,1158
64.6,3,4,10.9,8.4,0,1,0,0,3,56.0,238,167.76,560
55.9,1,23,18.7,4.8,1,0,0,1,4,58.0,-71,87.08,336
112.1,5,41,20.3,5.0,0,1,0,0,5,44.0,376,210.74,839
86.2,1,12,13.6,6.2,0,1,0,0,2,52.0,226,76.68,432
69.4,4,57,14.3,6.2,1,0,0,0,0,60.0,366,184.72,709
92.6,4,0,18.6,6.7,0,1,0,0,3,68.0,263,128.62,572
123.2,1,4,14.8,10.0,0,1,0,0,2,66.0,39,57.08,236
38.0,4,35,6.2,6.9,0,1,0,1,4,38.0,373,128.76,703
57.6,1,35,9.1,1.4,1,0,0,0,4,70.0,546,219.7,950
71.9,2,20,15.4,6.9,1,0,0,0,2,54.0,295,124.34,426
131.5,5,18,21.3,6.3,0,1,0,0,2,40.0,497,136.96,681
102.1,5,4,23.7,6.3,1,0,0,0,2,75.0,350,181.91,692
114.2,2,46,18.7,6.7,0,1,0,0,3,77.0,128,133.56,514
66.5,5,26,15.7,6.1,1,0,0,1,3,59.0,125,197.44,663
67.0,5,8,18.5,6.1,1,0,0,0,3,66.0,373,169.83,679
106.2,4,27,10.0,7.4,0,1,0,0,3,67.0,533,182.3,808
96.5,1,65,13.1,5.1,1,0,0,0,5,76.0,257,163.39,715
108.7,2,18,9.1,4.3,0,1,0,0,1,66.0,462,263.77,929
90.3,4,62,6.5,10.0,1,0,0,1,1,35.0,266,155.75,585
102.0,5,18,16.0,4.8,0,1,0,1,4,85.0,457,185.2,905
99.0,5,13,15.1,6.4,1,0,0,0,5,71.0,438,222.05,963
114.4,3,18,18.1,3.2,0,1,0,1,3,47.0,384,165.31,696
115.2,2,22,17.3,6.4,0,1,0,0,2,40.0,205,111.94,440
54.5,5,8,15.5,4.3,1,0,0,0,2,63.0,516,158.64,838
38.8,2,41,17.3,5.3,0,1,0,0,2,51.0,129,97.05,454
120.0,2,23,13.7,8.3,1,0,0,0,0,,262,101.59,377
124.7,5,50,16.5,7.1,0,1,0,0,3,66.0,289,186.12,789
69.5,3,34,9.6,7.3,1,0,0,0,1,47.0,285,172.55,705
48.5,2,30,16.2,2.7,0,1,0,0,1,38.0,281,127.72,513
97.5,1,32,18.0,9.9,1,0,0,1,3,61.0,-135,26.05,60
118.3,3,10,10.0,3.8,0,0,1,1,5,47.0,670,243.53,992
139.9,5,49,14.3,9.3,0,1,0,0,1,57.0,379,210.25,712
107.9,3,7,10.3,8.2,0,1,0,0,5,35.0,329,138.72,627
85.7,4,50,10.8,7.4,1,0,0,0,3,51.0,303,186.71,783
72.7,2,69,7.3,4.5,1,0,0,0,5,66.0,571,255.57,1024
95.3,4,53,21.6,6.5,1,0,0,0,2,64.0,240,137.51,637
87.5,4,31,20.4,5.3,0,0,1,0,5,43.0,501,150.69,620
69.6,4,22,17.2,6.3,0,1,0,0,3,37.0,212,151.05,543
146.2,4,61,25.8,5.7,1,0,0,0,4,55.0,545,176.19,848
139.6,3,18,12.9,2.1,0,1,0,0,3,63.0,732,275.55,1140
123.4,2,33,28.0,8.4,1,0,0,0,2,61.0,23,92.4,319
72.0,4,53,12.6,6.0,1,0,0,1,3,47.0,350,142.47,614
116.4,5,64,15.5,5.2,0,1,0,0,5,59.0,578,263.26,992
111.0,5,64,11.6,5.1,1,0,0,0,4,78.0,630,331.34,1375
106.1,2,6,16.2,6.9,1,0,0,0,0,58.0,237,123.42,446
126.2,4,62,19.0,4.4,0,1,0,0,4,31.0,499,156.28,752
110.9,1,7,13.3,1.7,1,0,0,0,5,58.0,535,222.22,914
113.5,3,40,24.7,7.0,0,0,1,0,4,86.0,211,166.08,678
110.9,3,65,15.4,7.2,0,1,0,0,2,36.0,203,153.4,488
103.5,2,45,15.6,5.8,0,0,1,0,2,55.0,255,168.46,649
50.4,5,66,8.5,3.9,0,1,0,0,4,52.0,692,311.03,1125
97.1,5,24,16.5,6.4,0,0,1,0,3,56.0,285,149.96,744
81.1,1,22,13.2,3.3,1,0,0,0,2,58.0,365,152.11,680
63.0,2,22,10.4,4.1,0,1,0,0,2,72.0,423,235.61,849
137.0,2,24,9.3,4.7,0,1,0,0,2,56.0,499,193.49,864
138.2,5,47,28.0,7.9,0,0,1,0,0,74.0,332,173.04,613
129.0,3,31,12.4,5.5,1,0,0,0,0,53.0,475,219.85,812
101.4,4,51,5.3,5.3,0,1,0,0,0,50.0,848,239.82,949
128.8,5,29,9.8,10.0,0,1,0,0,2,45.0,477,177.26,736
95.3,4,21,13.7,6.9,1,0,0,0,3,28.0,442,154.52,690
100.1,1,13,17.3,6.9,0,0,1,0,2,59.0,65,105.26,337
67.7,1,38,17.3,5.5,1,0,0,0,5,86.0,-29,152.58,562
104.9,2,62,18.1,5.0,1,0,0,0,1,62.0,275,165.99,583
96.5,2,60,10.1,1.8,0,1,0,1,2,65.0,512,250.55,1091
62.4,4,17,16.0,8.1,0,1,0,1,1,49.0,79,78.91,288
93.7,1,33,8.7,7.1,1,0,0,1,1,51.0,163,137.58,531
93.0,2,49,10.3,5.8,1,0,0,0,3,70.0,402,207.73,816
139.9,2,42,8.5,5.9,1,0,0,0,1,85.0,604,274.91,1057
117.4,1,4,6.9,7.7,0,1,0,0,1,77.0,430,154.52,682
95.3,1,41,20.4,3.1,0,0,1,0,4,67.0,345,139.27,706
101.2,1,2,18.1,5.0,0,1,0,0,4,56.0,261,325.91,1355
96.1,3,8,19.9,3.9,1,0,0,0,1,58.0,225,125.37,674
89.9,3,45,14.2,9.7,0,1,0,0,0,44.0,59,90.85,354
67.9,3,7,18.7,8.0,0,0,1,0,1,33.0,-43,59.62,200
91.2,3,23,3.4,1.8,0,1,0,0,3,38.0,929,324.08,1282
76.3,4,41,19.2,3.2,1,0,0,0,5,56.0,375,237.94,836
63.7,5,45,15.1,5.9,1,0,0,1,0,51.0,291,123.15,620
107.8,3,31,17.8,5.3,0,0,1,0,0,33.0,287,154.62,475
104.8,4,6,16.3,3.6,0,0,1,0,3,54.0,526,183.58,805
50.3,4,55,8.1,10.0,1,0,0,1,5,50.0,118,164.37,608
91.9,4,66,5.0,6.8,0,0,1,0,3,37.0,564,197.0,1046
119.9,1,62,9.7,7.1,1,0,0,0,5,49.0,328,225.17,788
121.5,5,52,17.4,4.8,1,0,0,0,3,50.0,579,199.31,812
120.6,1,28,18.1,7.6,0,1,0,0,0,46.0,52,42.67,214
96.0,3,61,5.8,5.4,0,1,0,0,2,69.0,584,203.18,1104
73.9,4,34,8.1,5.6,1,0,0,1,4,26.0,368,212.87,879
67.9,3,9,9.7,7.4,0,0,1,0,3,25.0,405,151.07,562
103.6,2,59,11.9,2.9,0,0,1,1,1,55.0,407,194.46,845
104.5,5,22,5.8,9.4,1,0,0,1,1,56.0,419,241.99,871
127.2,1,65,5.5,6.6,0,1,0,0,3,61.0,393,509.17,1898
122.5,2,25,9.1,8.8,0,1,0,0,2,47.0,242,132.88,644
91.7,5,60,14.5,4.0,0,1,0,0,3,41.0,521,271.97,899
63.9,4,37,6.9,4.4,0,0,1,0,2,55.0,644,247.88,1028
87.0,1,32,13.3,3.9,0,1,0,0,2,48.0,258,269.35,1137
100.4,4,20,20.4,6.7,1,0,0,0,3,78.0,283,147.88,622
89.9,5,58,6.2,6.3,1,0,0,1,0,50.0,603,228.2,905
80.6,1,4,12.8,5.3,0,0,1,0,2,54.0,389,89.93,552
101.3,3,32,20.1,4.2,0,0,1,0,2,92.0,239,198.46,826
82.4,3,25,11.5,3.7,1,0,0,0,4,52.0,536,168.81,854
79.3,1,38,10.6,6.1,1,0,0,0,4,63.0,286,227.2,787
102.8,2,17,21.0,5.3,0,1,0,0,2,65.0,152,134.19,472
85.0,1,46,12.2,4.8,1,0,0,1,1,66.0,236,153.73,574
101.1,1,27,20.6,9.3,1,0,0,0,1,59.0,-33,35.25,104
101.8,3,13,16.6,6.0,0,0,1,0,1,58.0,291,125.75,560
66.5,3,13,11.9,8.7,0,0,1,0,1,57.0,291,113.37,512
83.0,2,48,16.9,5.1,0,0,1,0,4,46.0,88,151.38,486
130.9,2,18,15.9,6.7,0,1,0,0,0,60.0,206,145.49,604
65.9,1,21,20.1,6.1,1,0,0,1,0,85.0,35,31.5,205
42.1,4,43,10.7,2.8,0,0,1,0,3,73.0,644,296.86,1092
48.5,2,23,14.2,9.1,1,0,0,1,1,60.0,-37,56.37,189
95.7,5,27,13.6,5.9,1,0,0,0,4,68.0,583,297.06,1049
95.8,3,17,18.2,7.7,0,0,1,0,4,42.0,23,126.38,430
92.1,5,24,7.8,4.7,0,1,0,0,4,51.0,789,291.77,1068
125.4,4,48,20.1,5.9,0,0,1,0,2,69.0,430,175.96,750
35.0,2,37,16.8,4.5,1,0,0,0,2,77.0,119,97.06,444
104.9,4,69,6.1,8.7,0,0,1,0,2,43.0,686,262.89,1055
134.0,2,54,21.2,6.8,0,1,0,1,1,48.0,126,70.64,298
66.8,1,1,27.4,6.9,0,1,0,0,3,88.0,-147,65.05,287
85.5,2,26,,8.9,0,0,1,0,5,56.0,4,80.3,283
76.2,2,20,22.6,8.5,1,0,0,0,1,82.0,-58,67.83,289
72.6,1,41,14.5,7.7,0,1,0,0,0,58.0,127,79.59,278
86.8,1,18,4.0,3.4,0,1,0,0,3,59.0,669,327.74,1090
130.7,5,67,2.9,4.8,0,1,0,0,2,50.0,925,429.14,1449
140.9,3,20,15.5,4.2,0,0,1,0,4,69.0,586,223.86,957
86.6,3,36,10.4,7.7,0,1,0,0,5,75.0,404,189.04,726
142.6,5,8,8.5,6.5,1,0,0,0,5,39.0,673,247.3,1224
95.9,2,63,13.6,,1,0,0,0,2,50.0,428,212.14,761
138.8,3,63,17.7,5.8,0,0,1,0,5,69.0,369,263.67,878
92.7,5,55,5.3,3.2,0,0,1,0,0,53.0,879,293.37,1564
98.3,4,24,11.3,6.1,0,0,1,1,2,48.0,402,215.52,808
104.1,2,4,23.1,2.9,1,0,0,0,1,70.0,351,199.54,689
174.5,2,49,7.5,7.3,1,0,0,1,5,72.0,419,210.36,814
116.3,1,30,19.2,7.0,0,1,0,0,3,48.0,-56,105.22,318
77.3,1,69,11.1,10.0,0,1,0,0,2,58.0,56,397.72,1337
119.2,1,48,17.3,7.9,1,0,0,0,0,37.0,-64,67.76,247
86.0,4,37,20.6,5.4,0,1,0,0,4,42.0,255,143.55,574
82.8,4,69,18.4,7.8,1,0,0,0,3,57.0,70,133.14,521
117.7,3,56,19.5,3.4,0,1,0,0,5,55.0,319,160.07,700
95.8,4,32,7.1,4.3,1,0,0,0,2,40.0,748,294.52,1126
102.0,1,1,20.7,6.9,1,0,0,1,0,44.0,-39,12.65,60
95.3,2,6,8.9,1.9,1,0,0,0,2,39.0,644,255.72,1040
103.4,2,31,15.6,6.1,0,0,1,0,3,62.0,164,154.21,648
105.6,5,39,15.5,4.2,0,1,0,0,1,25.0,526,178.62,780
46.6,4,2,16.9,6.4,0,0,1,0,0,40.0,237,98.46,406
111.7,5,8,16.0,4.0,0,1,0,0,4,27.0,570,176.08,834
70.4,2,49,8.9,7.0,1,0,0,0,3,61.0,378,184.33,751
58.9,5,52,5.9,6.2,1,0,0,0,2,28.0,708,228.05,951
93.5,1,2,19.2,9.0,0,1,0,0,3,55.0,-93,44.06,143
97.1,2,35,15.1,6.2,1,0,0,0,4,80.0,129,124.61,590
77.7,3,5,20.9,4.7,0,1,0,0,0,80.0,222,116.09,485
115.8,1,50,13.7,5.7,0,0,1,0,2,28.0,271,155.36,541
61.4,5,58,5.6,3.5,0,0,1,0,1,59.0,766,313.13,1355
84.8,5,60,19.8,7.0,1,0,0,0,0,40.0,231,136.3,554
80.4,3,41,11.8,7.4,0,1,0,1,0,37.0,234,101.51,400
93.8,2,44,16.1,10.0,1,0,0,0,2,53.0,140,88.82,307
102.0,1,64,10.1,5.0,1,0,0,0,3,73.0,367,234.72,872
69.8,4,42,23.9,5.7,0,1,0,1,3,64.0,186,155.71,543
113.1,3,31,8.7,5.0,0,1,0,0,4,44.0,521,243.03,964
96.6,4,52,12.0,6.6,0,1,0,1,2,66.0,445,174.05,790
47.7,4,41,14.6,7.0,1,0,0,0,3,21.0,305,155.32,515
46.0,1,58,7.4,6.1,0,0,1,1,4,44.0,273,186.67,687
94.7,1,36,16.0,8.4,0,0,1,1,3,43.0,19,37.12,192
89.5,4,60,23.7,5.0,0,1,0,0,5,56.0,318,193.33,669
92.4,1,3,11.1,8.2,0,0,1,0,1,52.0,153,89.45,377
94.3,5,2,16.4,7.3,1,0,0,0,4,53.0,448,402.39,1461
100.6,1,6,-2.0,6.2,0,1,0,0,4,52.0,728,289.66,1034
118.7,4,38,13.8,5.6,0,0,1,0,3,55.0,362,197.52,933
67.2,5,49,12.1,10.0,0,0,1,0,0,63.0,299,178.31,640
65.7,3,15,9.1,4.6,0,0,1,0,3,57.0,480,271.67,990
67.7,1,10,20.5,6.8,0,1,0,0,5,51.0,45,73.05,222
102.2,5,60,12.0,4.7,0,0,1,0,3,61.0,660,244.46,1139
126.1,1,52,12.9,9.8,0,1,0,0,0,67.0,-8,95.41,320
84.2,3,45,11.7,8.0,1,0,0,1,1,47.0,224,134.66,504
35.0,5,34,2.5,4.8,1,0,0,0,3,54.0,794,235.22,1152
52.4,4,29,7.2,7.2,0,1,0,1,4,72.0,415,199.3,824
74.2,1,1,19.8,6.7,0,1,0,1,2,38.0,-36,30.09,60
81.1,5,13,1.3,5.2,0,1,0,0,5,82.0,977,283.37,1393
84.8,1,62,9.4,7.7,0,0,1,0,4,35.0,259,182.81,668
96.0,4,23,11.6,7.0,0,1,0,1,1,50.0,360,174.21,627
87.2,4,49,24.5,,1,0,0,0,1,41.0,320,108.07,434
121.2,2,49,18.6,6.1,1,0,0,0,5,88.0,341,147.81,644
78.1,3,21,10.7,7.1,0,1,0,1,3,47.0,330,131.47,486
73.4,1,14,21.8,6.7,0,1,0,0,5,47.0,21,58.94,219
107.0,5,48,9.6,6.3,0,1,0,0,5,49.0,655,270.54,1061
56.6,2,6,20.1,4.9,0,1,0,1,2,56.0,79,320.58,1191
104.7,2,34,5.8,9.6,0,1,0,0,0,50.0,349,150.44,607
97.6,3,62,20.4,4.1,0,1,0,1,5,53.0,390,144.31,676
91.3,4,49,11.6,7.1,0,0,1,0,3,15.0,379,160.81,731
134.7,3,53,7.8,5.6,1,0,0,0,0,56.0,707,255.44,1008
79.4,3,5,12.7,9.7,0,1,0,0,3,55.0,147,113.45,374
146.5,3,13,15.7,4.4,0,1,0,0,0,71.0,401,213.17,774
89.4,5,19,11.0,4.7,1,0,0,1,1,75.0,549,264.65,894
63.1,2,20,17.3,4.3,0,1,0,0,2,52.0,178,109.83,437
96.7,5,13,10.5,6.8,0,1,0,0,2,67.0,589,246.95,918
68.1,4,68,17.7,3.5,0,1,0,0,3,38.0,398,161.85,723
76.2,5,11,16.7,5.2,0,1,0,1,5,67.0,274,220.84,872
104.9,5,49,13.6,1.9,1,0,0,0,2,46.0,836,226.07,1061
108.9,4,41,11.4,6.7,1,0,0,0,4,37.0,553,204.05,841
79.4,2,42,14.9,5.2,1,0,0,0,5,52.0,361,197.35,577
119.7,4,15,,3.2,1,0,0,0,4,76.0,539,233.53,932
123.9,4,21,26.4,8.4,0,1,0,1,1,58.0,144,81.47,374
130.9,2,42,19.6,3.6,0,0,1,1,4,77.0,326,193.45,738
108.2,4,20,19.9,7.8,0,1,0,0,1,44.0,193,100.42,423
129.1,2,48,28.0,4.8,1,0,0,0,2,71.0,302,134.92,647
48.0,3,2,17.1,9.4,1,0,0,0,3,45.0,-35,69.35,168
87.1,4,5,16.9,7.7,1,0,0,0,1,58.0,136,121.52,415
73.3,1,50,18.2,4.2,0,1,0,0,0,58.0,153,101.51,380
98.0,2,43,7.9,4.4,1,0,0,0,5,65.0,531,248.6,1035
80.7,4,3,11.3,7.4,0,1,0,0,4,59.0,381,159.51,735
90.8,3,62,11.0,5.7,0,1,0,1,0,44.0,390,204.8,661
142.1,5,0,17.9,5.9,0,1,0,0,2,,549,193.21,787
90.8,1,66,13.0,8.7,1,0,0,0,1,81.0,32,86.65,456
105.3,4,51,14.8,4.7,1,0,0,0,5,46.0,468,250.91,805
89.2,5,69,20.5,6.4,0,1,0,0,5,27.0,290,168.75,697
96.9,5,66,19.2,8.1,0,1,0,0,4,62.0,208,174.38,632
95.2,1,21,13.0,7.8,1,0,0,0,2,50.0,106,138.72,426
106.2,5,52,10.0,5.9,0,0,1,0,0,53.0,626,287.86,1138
124.1,2,14,20.8,5.6,0,1,0,0,1,63.0,275,139.12,493
136.2,2,33,18.6,2.7,0,1,0,1,0,48.0,363,127.84,531
102.7,2,16,4.4,4.1,1,0,0,1,4,51.0,544,224.55,1029
109.7,4,34,12.1,6.8,1,0,0,0,0,53.0,540,182.72,787
66.2,4,61,15.0,5.9,1,0,0,0,4,77.0,395,233.38,800
92.8,3,30,18.7,6.3,1,0,0,0,5,55.0,155,117.99,531
118.5,1,6,19.5,8.3,0,1,0,0,1,36.0,84,22.92,143
116.6,5,22,15.7,3.8,0,1,0,1,4,37.0,543,238.68,861
100.3,2,55,17.5,5.7,0,0,1,1,5,57.0,113,130.17,478
117.2,1,36,14.4,6.6,0,0,1,0,2,38.0,231,95.35,407
107.3,3,39,10.0,4.8,1,0,0,0,2,32.0,559,215.25,900
125.0,3,30,12.4,9.1,1,0,0,0,1,65.0,320,153.17,577
102.2,4,20,14.1,8.0,0,1,0,0,2,65.0,333,130.53,649
86.1,5,41,13.8,6.8,0,0,1,1,5,,334,179.32,778
103.4,1,44,2.7,9.8,0,0,1,0,3,59.0,235,180.93,771
35.0,2,62,11.6,3.2,1,0,0,0,1,58.0,418,187.82,767
104.6,3,43,14.3,6.2,1,0,0,0,3,64.0,327,220.99,762
35.0,4,69,12.3,6.9,1,0,0,0,4,64.0,348,238.06,791
51.9,4,57,12.5,4.4,0,0,1,0,0,16.0,496,216.51,732
106.3,2,5,16.9,6.8,0,1,0,1,4,51.0,71,84.38,277
106.9,4,27,7.5,4.0,0,1,0,0,1,63.0,810,299.73,1198
65.9,5,26,4.2,7.6,0,1,0,0,1,49.0,650,214.37,974
77.2,3,0,11.9,8.3,1,0,0,0,2,56.0,261,136.19,483
129.3,5,12,18.6,6.7,0,1,0,0,3,66.0,392,188.35,708
82.9,4,53,24.1,2.5,1,0,0,0,5,56.0,569,257.29,910
151.1,2,24,18.7,4.3,0,1,0,0,1,78.0,323,185.74,738
95.0,2,10,5.2,7.3,0,1,0,0,1,72.0,453,188.46,773
105.2,4,20,12.6,6.2,0,1,0,0,2,53.0,397,216.3,818
135.4,2,19,15.5,1.0,1,0,0,1,5,52.0,554,225.5,793
98.3,2,12,15.1,8.7,0,0,1,0,5,15.0,70,92.29,275
69.9,2,7,17.2,6.5,0,1,0,1,2,50.0,-2,54.2,171
92.3,4,53,8.5,4.6,1,0,0,0,4,35.0,626,230.85,1020
94.1,2,57,14.4,8.2,1,0,0,0,5,58.0,149,129.41,601
60.9,4,34,16.5,4.8,0,1,0,0,5,57.0,268,179.56,831
88.6,5,43,19.0,4.8,1,0,0,0,4,65.0,289,214.66,852
76.4,5,64,9.2,6.9,1,0,0,0,3,76.0,575,264.9,1031
118.1,5,58,11.9,9.8,1,0,0,0,5,55.0,263,164.69,822
95.9,1,2,-2.0,9.4,1,0,0,1,1,89.0,476,198.8,905
87.9,3,66,10.3,6.9,0,1,0,0,2,58.0,491,184.61,687
92.3,2,4,10.9,7.1,0,1,0,0,4,35.0,297,114.87,521
100.6,5,1,7.9,7.8,1,0,0,1,0,47.0,583,230.46,852
110.4,4,28,15.0,3.7,0,1,0,0,3,49.0,546,195.57,831
70.0,2,52,13.7,7.5,1,0,0,1,5,64.0,172,110.09,446
69.0,3,5,0.4,4.7,1,0,0,1,1,41.0,670,259.87,1051
122.6,4,20,15.3,6.8,1,0,0,1,4,51.0,170,162.8,651
84.7,3,18,8.4,5.7,0,1,0,1,2,53.0,429,157.71,698
59.6,3,27,16.9,7.2,0,0,1,0,5,48.0,229,127.65,450
106.1,1,69,6.3,6.4,0,1,0,0,3,67.0,473,232.18,894
106.6,3,23,14.2,1.0,1,0,0,0,0,65.0,611,248.3,1106
56.7,2,14,12.3,6.6,1,0,0,0,4,72.0,241,126.61,605
100.7,5,8,15.8,7.5,1,0,0,0,0,50.0,423,124.06,596
113.4,5,13,14.7,7.1,0,0,1,0,1,73.0,440,208.33,896
104.4,4,9,12.5,6.0,1,0,0,0,5,35.0,641,165.88,785
110.8,1,40,4.8,9.5,0,0,1,0,5,34.0,294,172.46,703
59.9,5,29,5.1,6.8,0,1,0,0,0,37.0,703,520.77,1856
103.3,2,34,10.5,7.1,0,1,0,1,2,55.0,307,125.84,593
87.4,3,58,14.0,8.3,0,0,1,0,0,73.0,166,142.55,596
82.9,5,40,10.4,6.9,1,0,0,0,1,46.0,499,261.39,859
116.8,5,10,17.8,4.4,0,1,0,0,5,48.0,569,212.04,783
132.0,1,26,12.3,1.3,1,0,0,0,1,52.0,602,207.15,918
139.9,2,21,8.2,5.2,0,0,1,0,3,64.0,608,257.9,1141
127.9,4,57,12.3,7.7,0,1,0,0,4,48.0,345,201.26,753
92.3,3,21,15.4,5.5,1,0,0,0,5,47.0,369,186.29,661
103.8,2,9,15.9,7.8,0,0,1,0,2,35.0,159,65.72,323
114.2,3,51,25.3,6.5,1,0,0,0,4,46.0,237,130.16,535
98.0,5,29,10.0,8.8,1,0,0,0,2,73.0,484,182.48,897
98.3,2,6,13.6,5.6,0,1,0,0,0,56.0,296,146.78,562
115.6,4,48,16.6,7.1,0,1,0,0,1,44.0,287,122.29,606
93.5,4,14,13.9,7.2,0,0,1,0,4,74.0,339,160.83,740
76.8,5,60,11.0,9.2,0,1,0,0,4,46.0,340,135.11,654
84.6,2,58,4.7,2.8,0,1,0,0,3,76.0,845,330.0,1221
110.8,2,25,10.9,5.3,1,0,0,0,4,76.0,498,188.65,870
95.1,3,38,7.6,7.9,1,0,0,0,4,56.0,380,246.93,961
103.5,3,39,3.6,9.3,0,0,1,1,2,33.0,540,176.17,923
111.8,3,45,9.2,6.7,1,0,0,0,1,89.0,463,264.74,1074
85.6,4,4,7.7,5.6,0,1,0,0,5,61.0,614,199.58,961
113.9,4,22,17.5,7.7,1,0,0,0,5,50.0,313,148.47,614
104.5,2,11,17.6,7.9,1,0,0,1,0,69.0,-112,88.89,246
64.1,4,48,8.6,5.5,0,1,0,1,4,66.0,453,251.74,940
131.1,2,4,12.4,6.9,0,1,0,0,0,75.0,316,152.55,615
82.5,3,36,2.9,8.6,0,1,0,0,5,45.0,527,325.19,955
53.6,1,50,11.0,10.0,0,0,1,0,3,60.0,19,69.13,378
68.9,2,66,,7.7,1,0,0,0,4,37.0,58,113.09,362
69.5,5,20,18.9,6.3,0,1,0,0,4,65.0,295,123.43,599
96.3,3,0,9.7,,1,0,0,0,3,55.0,540,207.57,858
88.2,4,50,20.3,7.3,0,1,0,1,1,59.0,153,79.62,411
86.6,1,0,4.9,6.0,1,0,0,1,4,53.0,389,355.12,1454
110.5,4,4,6.5,6.6,0,1,0,0,3,51.0,652,231.24,984
103.5,2,69,18.3,4.1,1,0,0,1,3,42.0,312,131.43,514
102.9,4,60,24.0,8.8,0,0,1,0,1,67.0,172,128.72,487
105.2,5,49,17.0,3.9,0,0,1,0,0,77.0,505,213.72,982
110.4,3,58,13.8,5.3,0,0,1,1,3,47.0,231,187.5,714
42.3,1,5,0.8,6.4,1,0,0,0,2,63.0,393,211.68,804
85.9,3,6,1.9,10.0,0,0,1,0,3,61.0,447,193.04,1016
40.5,1,21,14.8,5.4,1,0,0,0,2,55.0,103,91.9,350
95.9,3,1,11.9,4.9,1,0,0,0,5,32.0,442,185.88,718
94.9,1,62,7.4,5.1,1,0,0,0,4,35.0,478,215.16,793
121.1,4,3,14.4,9.5,1,0,0,0,2,43.0,234,157.83,510
124.7,2,38,14.7,1.0,0,1,0,0,4,23.0,539,207.07,881
100.1,2,59,19.7,4.2,1,0,0,0,3,76.0,306,138.92,583
82.5,1,51,14.8,10.0,1,0,0,0,3,61.0,23,55.94,241
107.1,5,16,21.4,7.4,0,1,0,0,3,55.0,251,175.27,675
81.8,5,32,14.0,4.0,0,0,1,0,5,22.0,588,208.08,906
95.0,5,38,13.3,6.1,0,1,0,0,1,28.0,391,171.54,735
119.7,1,53,20.4,6.3,0,1,0,0,2,55.0,34,118.12,446
81.1,2,29,8.1,7.9,1,0,0,0,1,85.0,289,214.28,782
115.1,5,19,28.0,9.9,0,0,1,0,3,45.0,264,119.17,488
111.9,3,55,16.3,7.0,1,0,0,1,5,68.0,133,124.81,476
71.1,1,62,16.3,5.1,1,0,0,0,3,48.0,94,133.91,525
119.3,1,34,17.2,7.8,1,0,0,0,1,56.0,66,48.18,318
112.5,2,1,25.3,4.8,0,1,0,0,5,73.0,263,174.94,742
97.5,5,35,18.8,4.1,1,0,0,0,4,50.0,432,163.37,806
75.9,1,62,4.4,2.7,0,1,0,0,2,45.0,760,249.56,901
73.5,5,69,22.4,3.1,1,0,0,0,0,76.0,471,192.5,898
81.6,4,28,12.0,4.4,0,1,0,0,2,56.0,548,189.85,868
108.6,5,10,14.6,3.8,0,1,0,1,4,71.0,516,225.1,985
71.1,5,40,6.3,6.8,1,0,0,0,3,45.0,656,244.42,1112
105.9,2,58,17.2,3.8,0,1,0,1,1,76.0,321,140.9,606
64.0,5,66,10.1,1.0,0,1,0,0,0,59.0,920,296.18,1217
89.9,1,3,14.6,4.1,0,1,0,1,5,62.0,161,142.32,554
97.7,2,20,12.3,5.3,1,0,0,1,2,57.0,361,146.39,594
156.1,2,33,25.6,5.0,0,1,0,0,4,47.0,370,125.63,634
60.6,1,6,25.9,9.2,1,0,0,0,2,55.0,-96,28.59,60
131.8,1,62,14.3,5.0,1,0,0,0,0,48.0,324,167.75,668
98.7,1,7,14.4,8.0,1,0,0,0,2,69.0,84,111.2,418
105.3,1,46,11.8,6.2,0,1,0,0,4,52.0,342,127.29,617
98.0,2,64,20.6,6.1,1,0,0,1,2,33.0,138,74.06,239
106.1,1,47,12.0,4.5,0,1,0,1,3,30.0,389,142.54,538
91.2,1,53,11.5,6.1,1,0,0,0,2,29.0,284,140.94,503
131.4,5,18,19.9,4.7,0,1,0,0,2,64.0,508,225.57,854
83.6,1,57,10.8,6.5,1,0,0,0,1,38.0,108,131.92,504
123.3,1,29,13.8,5.7,0,1,0,0,1,60.0,192,170.45,564
78.9,1,4,4.5,4.3,0,1,0,0,1,57.0,533,185.4,787
93.5,1,25,18.2,8.2,1,0,0,0,4,54.0,-100,41.89,196
68.2,3,24,25.6,7.1,1,0,0,0,2,62.0,165,79.35,441
106.4,5,36,18.3,5.3,0,1,0,0,4,57.0,353,224.64,762
131.1,4,18,22.8,6.5,0,0,1,0,1,15.0,315,159.18,479
93.1,3,32,8.9,6.0,0,0,1,0,1,50.0,471,202.42,943
90.1,1,29,15.4,4.5,1,0,0,0,5,61.0,313,150.62,659
67.1,4,22,8.3,6.3,0,1,0,0,5,80.0,482,412.17,1894
89.3,1,48,12.6,5.0,1,0,0,1,2,80.0,243,184.34,633
55.2,4,21,18.6,4.3,1,0,0,1,1,35.0,246,99.83,455
72.2,3,53,14.6,3.0,0,1,0,0,4,50.0,506,161.61,906
100.7,5,17,5.5,5.5,0,1,0,0,0,32.0,835,324.99,1056
128.0,2,60,6.1,7.3,0,1,0,0,2,78.0,509,215.39,844
165.2,4,25,5.7,4.8,0,0,1,0,3,70.0,774,350.21,1423
80.3,3,2,16.9,10.0,1,0,0,0,4,60.0,0,84.05,310
130.9,3,10,26.4,8.0,0,1,0,0,0,57.0,191,113.31,376
101.1,5,56,22.2,8.8,1,0,0,0,0,76.0,245,128.49,641
91.2,4,61,2.6,7.8,1,0,0,0,1,73.0,611,242.8,1161
105.8,3,14,22.5,9.9,1,0,0,0,0,72.0,106,74.7,275
96.5,3,42,19.6,4.6,0,0,1,0,3,62.0,311,135.39,720
97.8,4,40,4.7,1.1,0,1,0,0,5,50.0,919,320.1,1439
84.8,2,9,12.2,5.3,1,0,0,0,1,67.0,325,165.6,680
60.0,1,31,20.6,7.3,0,1,0,0,2,67.0,64,60.7,245
56.4,3,48,17.3,6.5,0,0,1,0,1,52.0,186,91.85,365
111.3,1,67,6.1,6.8,0,0,1,0,0,50.0,499,176.99,847
88.1,1,59,17.7,8.8,0,1,0,1,4,72.0,-211,45.69,218
80.1,3,6,1.2,7.0,1,0,0,1,1,80.0,528,263.92,1023
95.2,4,16,12.7,7.8,0,1,0,0,3,44.0,320,155.87,702
114.9,4,30,20.8,4.3,0,0,1,1,4,51.0,364,131.77,614
99.5,2,10,14.1,4.0,0,0,1,0,5,60.0,386,192.11,717
78.6,3,39,11.0,9.4,0,0,1,0,1,62.0,191,155.48,624
125.7,1,0,19.3,6.4,0,1,0,0,3,47.0,108,81.55,371
134.5,4,7,19.8,5.0,1,0,0,0,5,83.0,386,144.73,865
107.4,2,3,21.9,5.0,0,1,0,0,2,61.0,229,136.49,521
119.3,4,20,19.2,4.9,1,0,0,1,0,63.0,396,134.67,629
126.0,5,53,20.5,4.8,1,0,0,0,1,81.0,407,216.95,876
123.3,4,12,18.4,3.6,0,1,0,0,4,48.0,509,161.9,778
110.4,2,69,15.6,3.2,0,1,0,0,4,54.0,500,186.02,829
110.0,5,18,14.5,5.8,0,0,1,0,1,36.0,505,226.95,837
108.0,4,3,12.6,5.0,0,1,0,0,1,52.0,511,196.0,754
67.6,4,23,6.7,8.4,0,0,1,0,1,33.0,508,236.36,790
112.5,5,52,8.3,6.8,0,1,0,0,1,66.0,593,253.32,1037
61.1,5,7,12.3,6.7,0,1,0,1,4,,353,178.58,721
75.1,1,5,15.4,4.7,1,0,0,0,5,51.0,137,92.63,508
127.6,5,59,22.6,6.0,0,1,0,0,0,53.0,323,174.72,715
116.0,4,41,13.7,6.9,1,0,0,1,4,66.0,332,194.29,818
132.2,2,24,20.0,7.6,1,0,0,0,4,38.0,71,103.25,369
88.2,2,52,20.5,6.0,1,0,0,0,3,58.0,146,108.34,462
66.2,4,59,12.6,8.4,0,0,1,0,5,65.0,339,168.42,684
89.0,2,25,17.6,6.2,0,1,0,0,0,28.0,260,75.22,257
97.6,3,39,12.5,7.8,0,0,1,0,4,65.0,307,236.79,768
97.0,4,0,21.9,5.2,0,0,1,0,0,30.0,409,130.3,504
123.3,4,21,17.8,2.6,0,0,1,0,5,53.0,574,258.7,971
86.0,5,41,6.9,6.7,1,0,0,0,2,38.0,624,195.01,1053
103.8,1,13,15.0,7.7,0,0,1,0,0,76.0,-11,85.69,465
70.3,2,69,23.9,7.4,0,0,1,0,4,38.0,131,66.16,299
106.3,5,67,12.9,7.0,0,0,1,0,4,30.0,428,221.06,803
95.1,3,18,16.7,5.5,1,0,0,0,2,57.0,380,144.14,543
76.3,2,27,17.3,4.6,1,0,0,0,1,49.0,253,133.2,434
89.1,2,13,7.8,7.3,0,0,1,0,0,32.0,324,141.12,615
90.4,2,35,17.1,7.1,1,0,0,1,5,63.0,56,101.09,389
88.2,3,8,5.6,5.1,1,0,0,0,1,25.0,766,234.85,974
139.3,2,27,10.2,8.4,0,1,0,0,5,39.0,443,208.46,724
92.5,4,38,20.5,4.4,1,0,0,0,3,46.0,352,207.67,724
88.9,3,42,16.1,5.0,1,0,0,0,4,67.0,287,224.8,843
42.6,4,41,12.2,9.5,0,0,1,0,4,74.0,183,168.69,625
72.6,1,15,16.7,7.9,0,0,1,1,5,72.0,-110,59.52,191
88.4,4,55,13.6,5.5,0,0,1,0,0,53.0,518,205.38,854
77.9,5,48,14.1,6.8,1,0,0,0,5,19.0,453,141.94,635
129.5,1,52,17.9,6.5,1,0,0,0,0,61.0,33,101.23,367
90.9,2,32,9.6,1.0,0,1,0,1,5,77.0,626,237.81,1113
127.2,4,62,14.2,4.4,0,1,0,0,1,74.0,556,222.64,980
96.5,4,27,12.1,6.1,1,0,0,0,5,62.0,477,188.02,905
95.9,4,56,4.5,5.5,0,1,0,0,0,37.0,749,272.12,969
92.8,3,14,8.5,6.7,0,0,1,1,2,47.0,464,188.63,758
95.1,4,17,23.4,8.5,0,1,0,0,3,84.0,221,160.34,575
138.0,4,36,16.3,5.6,1,0,0,1,5,34.0,334,138.05,699
37.0,1,38,6.1,4.1,1,0,0,1,0,38.0,352,199.57,594
45.0,4,52,4.8,6.8,1,0,0,0,0,69.0,525,175.37,923
81.4,3,20,13.3,5.5,1,0,0,1,3,49.0,190,125.21,563
95.4,1,61,23.4,5.9,0,1,0,0,0,37.0,90,77.71,301
112.3,3,23,12.9,5.6,0,1,0,0,4,78.0,550,244.75,882
106.8,3,37,21.8,10.0,0,1,0,0,0,62.0,-69,70.82,243
85.4,1,65,16.1,1.7,0,0,1,1,5,49.0,283,138.02,582
120.5,5,37,16.8,5.4,1,0,0,0,3,38.0,487,179.06,824
120.8,2,47,6.0,6.2,1,0,0,0,5,86.0,578,203.47,1085
99.6,2,63,19.6,4.6,1,0,0,0,0,55.0,188,158.84,557
119.1,3,68,12.0,8.0,1,0,0,0,1,76.0,263,205.34,733
101.8,5,34,19.2,7.8,0,1,0,1,2,68.0,122,145.58,492
81.0,4,29,9.1,6.1,0,0,1,0,0,47.0,613,240.13,907
112.4,4,13,15.1,5.7,0,0,1,0,0,47.0,379,146.24,810
97.8,2,37,16.1,6.0,0,1,0,1,1,77.0,113,106.31,492
95.0,5,64,13.1,6.0,1,0,0,1,4,77.0,563,238.73,950
131.8,5,34,16.4,6.0,1,0,0,0,4,27.0,448,184.55,806
35.0,3,24,12.4,5.8,1,0,0,0,0,63.0,310,110.05,515
59.6,3,7,,6.7,1,0,0,0,0,,422,123.08,575
65.3,1,27,23.6,7.7,0,0,1,0,3,40.0,-2,34.88,84
85.9,4,16,20.3,3.7,0,1,0,0,2,59.0,328,222.13,806
88.6,5,68,9.4,4.1,1,0,0,0,4,35.0,677,324.97,1260
57.3,3,36,17.4,2.7,1,0,0,1,1,48.0,292,121.76,553
70.4,3,9,9.5,7.9,1,0,0,0,2,43.0,447,145.42,616
73.5,3,4,6.9,6.7,0,0,1,1,1,48.0,356,139.65,681
156.4,1,59,20.2,7.2,1,0,0,1,1,54.0,37,88.81,311
140.0,4,65,3.8,3.3,1,0,0,0,4,40.0,990,267.2,1606
84.7,4,53,19.6,9.8,1,0,0,0,2,79.0,108,96.84,440
85.9,5,8,12.5,5.0,0,0,1,0,3,62.0,613,223.17,965
66.3,5,6,12.7,6.5,0,1,0,0,0,82.0,393,227.11,695
47.3,3,13,16.5,7.9,0,1,0,0,3,53.0,43,65.39,376
92.1,5,52,17.5,4.2,1,0,0,0,2,47.0,491,181.49,813
70.1,3,53,9.0,5.1,1,0,0,0,5,81.0,575,228.49,953
92.9,4,58,18.3,6.6,0,0,1,0,2,46.0,248,166.4,523
55.0,4,6,14.7,10.0,1,0,0,0,0,52.0,98,70.73,258
76.0,5,10,6.5,6.8,1,0,0,0,4,66.0,571,285.99,1095
98.7,4,63,13.0,9.4,0,1,0,0,0,36.0,382,121.55,507
104.2,1,65,22.3,8.6,1,0,0,0,5,66.0,-25,83.6,324
105.4,1,50,24.1,6.9,1,0,0,1,2,64.0,46,83.08,290
62.0,3,7,18.3,4.2,0,0,1,1,4,74.0,185,134.21,541
116.4,3,4,6.9,8.3,0,1,0,1,3,68.0,404,221.12,786
75.0,4,3,16.9,3.2,1,0,0,0,2,74.0,357,157.74,787
110.8,3,48,19.1,9.4,1,0,0,0,3,53.0,-54,146.61,471
94.7,3,59,18.4,6.6,0,1,0,0,1,42.0,272,111.23,426
60.6,5,44,18.7,1.0,1,0,0,0,0,87.0,581,234.56,957
87.1,2,18,16.2,5.5,1,0,0,0,4,32.0,238,93.14,430
104.1,3,53,13.6,7.5,0,1,0,1,5,34.0,143,110.92,515
110.3,3,4,10.3,5.7,0,1,0,0,5,63.0,454,226.48,801
91.5,3,57,2.6,7.6,0,0,1,0,1,79.0,661,288.54,1218
133.3,5,62,16.0,4.5,1,0,0,1,2,58.0,614,201.95,798
120.2,5,50,15.1,3.6,1,0,0,0,2,70.0,602,238.06,1094
88.6,3,61,17.3,6.1,0,1,0,0,4,25.0,273,122.26,451
113.8,3,41,6.0,6.3,0,1,0,1,3,48.0,543,172.89,853
143.3,3,32,17.9,5.5,1,0,0,0,4,27.0,350,137.57,640
144.0,1,22,26.3,8.7,0,1,0,0,5,67.0,151,133.69,449
64.3,3,64,14.5,4.5,1,0,0,0,2,32.0,329,154.35,604
71.8,2,48,13.6,6.8,0,0,1,1,3,36.0,196,88.8,411
132.1,1,13,15.9,6.3,0,0,1,0,3,63.0,234,112.22,497
68.5,1,66,26.2,3.1,0,1,0,0,5,71.0,195,156.49,598
